"DATE","total_revenue","impressions_Facebook","impressions_TV","clicks_Search","spend_Facebook","spend_TV","spend_Search"
2017-01-01,86931.8698977832,91867102.4314518,3870107.3126375,636960.207527878,275828.95000836,77245.7615205121,174036.896580865
2017-01-02,66874.0545645477,76957137.1369231,2597748.02203067,550938.69232931,232242.014172425,51886.8905038019,143936.249982424
2017-01-03,60993.6445952963,47904258.6020334,2261004.00865702,497382.892600826,143795.788974338,45503.2088795466,124075.210790737
2017-01-04,95122.4939594209,41747226.4916544,1772749.46839877,286898.115137635,125235.874623009,35509.8520613729,82226.4653939944
2017-01-05,53056.9618267695,58146050.7501903,1814402.00258281,541333.30297929,174973.607472783,36616.8262374972,144908.179288334
2017-01-06,101298.547021057,58471395.0800334,2256408.28096989,380727.833697456,174922.882129952,45383.8446305592,102595.886179084
2017-01-07,126083.754639883,69881860.1764776,2924443.05977022,497387.422324032,210173.410369587,58605.34866299,131795.917686451
2017-01-08,80845.4832943538,43557033.364869,1683114.52962972,425507.659391916,130557.279762465,33827.1775660548,107413.463955835
2017-01-09,85537.5103790192,62368709.5319041,2406477.15566271,454657.699972703,186227.815511857,47835.7370028323,120939.109229492
2017-01-10,108390.17894008,64391321.2581936,2541462.56973413,453141.731727145,193308.907061451,51518.7544407306,122294.417985491
2017-01-11,17551.7349909248,39417353.7257277,1659308.28941584,301889.191489645,118469.839236205,33474.1491580592,77939.5875158867
2017-01-12,118530.685280779,75827069.9752796,3003697.13072825,695846.153085457,227679.939309904,59682.3298013124,183943.237225278
2017-01-13,113615.739493543,50175262.6453007,2169789.14606757,534259.067078451,150202.361808361,43674.5175981123,136634.630367516
2017-01-14,95611.203692398,56038541.0242217,2383075.62714939,562059.822791285,167588.105391935,47581.8418477433,142107.227010037
2017-01-15,75431.8926116962,45792688.0679485,2058183.45998575,435243.12492672,137262.594972409,41405.5269414183,114176.262436412
2017-01-16,100757.010720712,52476975.9464905,2059736.41888282,582272.759797353,157005.843116886,41027.5414703838,149034.194216063
2017-01-17,37623.9701215255,57268134.6081273,1783129.24720402,408039.62148074,171571.027969315,35868.5464714951,107234.394042527
2017-01-18,42969.6611855156,63092104.1985026,2243454.13067417,570010.741719145,190064.840246521,44937.8812541709,156370.180082193
2017-01-19,98216.0803332542,85511709.5896773,3450262.42901668,673543.003566611,257681.898390512,69504.001602395,171736.637475246
2017-01-20,72477.779436629,30136993.5944178,1056787.67539453,246439.80529402,90994.8980677173,21455.9145478558,62866.9220742003
2017-01-21,43057.8433053807,46300511.022807,1668301.7392183,348009.867052428,138513.459058806,33467.6882670728,90246.5335180649
2017-01-22,42747.8256220644,34050369.8749797,1281302.88446977,230810.632383786,101621.646734514,25845.9071785848,61788.4543398642
2017-01-23,90538.1480081859,58928826.190912,1746930.25386748,511393.069368934,176964.913481718,34990.044090024,127443.125804541
2017-01-24,41209.1413695629,55788864.1870426,1703192.43841811,487190.16566731,167844.291270807,34507.0803533549,117549.805482158
2017-01-25,172374.778720709,58832163.7991595,2587459.92167538,481826.900186186,177499.45873025,51488.5795161392,123849.144379587
2017-01-26,141413.244290292,43526170.2120175,1499732.6850613,368077.136874403,130620.264268942,30368.1213353821,93472.0839159248
2017-01-27,11587.6479573006,24919520.9671289,735955.818404726,194812.108532621,74771.0548988996,14755.9707424652,48251.3342631557
2017-01-28,46502.5696886221,40323383.2707453,1738063.55851313,284844.850200916,121034.575032891,34503.2151600197,78119.5069545515
2017-01-29,25557.9299849873,59046139.6657379,2384070.23961511,612583.413104861,176471.503493627,47477.6396195223,155371.606416112
2017-01-30,18806.6088853406,15157489.9720291,708620.117686013,142671.782091199,45420.7328966101,14118.0608999084,38540.3372143939
2017-01-31,73098.6936384169,59335722.7187634,2418287.07015764,527778.466842913,177860.66717943,48603.8932840763,138539.974669566
2017-02-01,94914.6971256142,50154285.350993,1502688.89283292,401523.856710666,150630.662213857,29955.1887403287,106777.268361968
2017-02-02,47489.4551380891,38877140.3267757,1352701.22536869,279874.266506004,116667.221458974,27296.5765433212,77488.4666462138
2017-02-03,20278.2849553589,62439674.8643684,2344922.85057941,445210.965100269,188180.237849457,46547.7961005051,113436.280090071
2017-02-04,155801.984366339,60320858.0786982,2707806.07822899,488959.698815643,181186.835631782,54115.248119003,128050.283423895
2017-02-05,109009.149432813,55960638.1902593,2260659.85291354,387743.021517718,167746.254564274,45313.3079625193,93875.2059277002
2017-02-06,192616.493087516,75587469.5820395,2673448.25756245,727573.234734408,225563.145201371,53301.637161259,180324.100531127
2017-02-07,76828.7800875587,47273996.6691533,1470705.9246307,485139.135215066,141923.313483987,29547.2217546896,116953.008891299
2017-02-08,123027.276153337,49499498.8896486,2245063.63448798,572160.779829674,148375.662723705,45111.9603262918,133181.854589502
2017-02-09,85088.3884710262,39063086.1211297,1182354.04782975,289004.876540432,116957.225302849,23739.8738190259,72579.0480863128
2017-02-10,63690.0051394955,86796160.2869902,2605769.38671451,667688.597213414,261804.212605302,52065.3529689861,171370.645316527
2017-02-11,55417.6278883497,49054831.4386345,1904219.92781468,328272.718216939,147062.161700647,37976.7611431979,82706.8723044555
2017-02-12,180941.814215161,62192898.3694455,2707092.18006154,497504.331138837,186251.868967132,54512.8009030127,136228.608058214
2017-02-13,112033.791281229,115043027.759781,4010744.49568455,997033.249566207,344958.707758575,80974.3376699855,254503.001416605
2017-02-14,118676.751976557,71745277.7753926,2346202.11164708,552113.536855047,215042.965516287,47177.3946907544,145028.537949772
2017-02-15,119542.649022868,61292640.5406366,2247279.34181505,532779.737902038,184781.507815108,44946.207564831,143173.878075472
2017-02-16,127014.90289604,73150381.6535091,2669570.72200347,541469.706005631,219163.816576562,53950.6394875534,137703.93385988
2017-02-17,35411.6328219213,45889791.0058489,1445627.21124427,388875.521324497,137577.829714917,28598.4560968708,103422.491026052
2017-02-18,47774.9643046794,57040832.5596752,1717092.56159968,455459.653229941,170831.088381907,34387.1764323434,118579.873124052
2017-02-19,146655.516904831,74010294.2152587,3181020.23418942,619312.407303283,222701.654375553,63463.2013791535,157868.55843927
2017-02-20,48753.9549011058,43126690.5213402,1452664.86087488,459722.995207968,129290.863294553,29047.7223976595,117508.474367846
2017-02-21,32643.8972684938,56046595.8395257,2095376.85866658,439487.547192422,168898.29278687,42269.1121737661,106183.666059136
2017-02-22,75883.6920322344,61637681.5414085,2068702.64745926,473987.37524346,185198.329045403,41623.8359390958,121619.732873967
2017-02-23,14505.4049927932,43577328.9852002,1409012.94585941,354572.12954525,130305.767445255,28012.9459978047,88881.8692287427
2017-02-24,109146.84803866,67513575.2752648,3029672.17363588,597128.641828762,202060.670087751,60460.738974699,155899.765544005
2017-02-25,66026.9475696144,60432569.8445693,2135530.87378032,560012.206607282,180930.542445304,43440.2326841651,151864.866415456
2017-02-26,45375.1946077073,25786209.1561497,1000711.86004133,193121.841423665,77353.5465983186,20078.0038535645,51205.2228934475
2017-02-27,122595.414948673,63384573.915343,2702256.12171729,526997.768829524,190426.676394133,54500.6225212685,135156.180260039
2017-02-28,59549.3187877148,35993080.8630591,1757975.04603149,390281.815924314,107835.831425934,35805.1253432973,95865.5672572398
2017-03-01,54958.3167178724,34407622.3617392,1509764.25081732,311712.363209812,102524.090308386,30317.5237065845,78468.2413337399
2017-03-02,17883.0330353445,56360418.2238509,2449264.20459976,436418.290092313,169024.787119673,49736.6132991462,118361.31555472
2017-03-03,49960.7908221034,78529630.6292412,2968621.22632233,519034.39652864,236701.653211665,60153.088049386,134507.606531522
2017-03-04,151135.743141271,60764325.4059099,2067877.83345447,599136.691620398,181492.624351954,41375.4279414669,151718.51194426
2017-03-05,77989.9347655818,61260800.8910878,2099470.91564146,555633.385325242,184299.615682454,41975.1633883547,142192.315710596
2017-03-06,36727.9433516171,62822477.8792312,2589344.0238362,483989.936257418,188689.24248882,51873.3611631516,119769.457569925
2017-03-07,17876.3600616568,42057524.3982135,1540779.47990602,442081.191743564,126358.548154242,30766.4184027484,116364.000506908
2017-03-08,147578.990296199,57959443.3273498,1968884.98539124,417453.94918285,173841.468438096,39565.0380218815,108457.585012771
2017-03-09,49437.0083500961,67850901.0858459,2392407.38489004,459022.417538286,202671.458219603,48138.2451764982,119523.10037297
2017-03-10,100268.801401729,69208753.5814286,2798244.15801322,499592.85462658,208389.458065624,56134.4834777002,126649.962126955
2017-03-11,57501.2244986789,35234868.5005098,1471261.5444781,327753.44515968,105899.679067905,29819.0376355802,83533.1993240076
2017-03-12,64730.7605444583,36324806.2459992,1111184.28138814,309403.296301464,109237.044125801,22435.6351504419,78694.8382990476
2017-03-13,15906.3179289965,42576086.6175123,1417643.18004038,547481.949114239,127756.745978892,28320.5266161449,124105.257399857
2017-03-14,118997.633235336,63944371.0050246,2587715.2748769,453039.005909802,191346.896536568,52364.864676681,113623.026250831
2017-03-15,26698.367029991,64416120.8021271,2280814.31538411,614067.745798386,192667.329050982,45831.2351940385,160235.975320785
2017-03-16,22559.7696303047,74399816.1279249,3047603.40848436,649010.718548852,223186.80188291,60866.6379511181,161220.870327165
2017-03-17,20632.0224110968,22808019.3504314,911960.337101036,165950.785086362,67966.3911052955,18218.9629379743,42190.1644501268
2017-03-18,81268.6053035435,33330723.0044135,1247415.25100451,244900.362559807,100548.288786324,24819.2181487547,70584.6467878192
2017-03-19,50143.6121997974,49368971.3886114,1849634.45510397,514845.125157173,147901.057611537,36825.2390559171,129483.033239586
2017-03-20,49991.7123613112,69832911.7233731,2816906.23142213,505659.025843911,208101.922819821,56426.8615772111,133199.893386585
2017-03-21,93869.6346538017,49891488.8478227,1938748.20365294,485279.119239872,149556.602877813,38464.4676292875,119530.796650737
2017-03-22,95106.1372972189,60112531.6405347,2765845.7826453,527349.58644887,179564.274713166,54861.7025646384,139504.088581531
2017-03-23,104281.68977378,46671050.0278866,2229331.67812786,456491.338535132,140623.43483279,44623.4828936395,117392.236562801
2017-03-24,134604.396030923,75001850.8577865,2752504.19744923,533954.359496494,225457.019229454,55509.1174776146,135284.803855704
2017-03-25,56960.4436625662,36316504.5023864,1032794.22158177,299373.784341082,108305.092447261,20863.5475789593,70747.3281967519
2017-03-26,28837.1467039686,72232180.072108,2421621.0238529,502915.008977088,216408.999959206,48314.1203643929,134255.189858237
2017-03-27,64205.0500132397,51184775.5116497,1638724.99128661,488882.500650269,153795.681303111,33212.3853692684,132640.911196374
2017-03-28,108003.285533026,58108286.337631,2007483.03737748,468157.031747713,175158.830414846,40637.6185763416,120620.051866507
2017-03-29,131206.163146783,47868729.4731132,1805612.91716617,455613.238496839,143096.210086751,36396.1654076652,121209.229701138
2017-03-30,32807.3279147894,41884020.8065902,1594929.69267568,442619.982054795,125750.082720685,31717.965830707,112937.050783783
2017-03-31,63532.2226862688,49350494.594601,1617754.05348167,473255.170275636,147933.960401697,32289.2022920968,134255.767914261
2017-04-01,171790.480728862,65642375.6866545,2689178.32792981,584211.583903701,196860.95958861,53386.7473603531,150218.320110454
2017-04-02,183531.952582927,58937949.8247846,2336407.73902054,635480.03384629,177273.508067171,47016.1246256596,165023.288610304
2017-04-03,25232.9910327743,18281622.6716652,764538.38440197,163924.731369653,54904.0094413764,15532.5865808151,41888.1154558954
2017-04-04,44088.3242941057,61749296.790536,1943888.19328973,611628.074084058,184880.315087335,38963.774095376,151621.938002504
2017-04-05,60266.8025749682,55693623.2071735,2604752.60532201,607654.102770779,166736.348383094,51829.7294352065,142926.434252666
2017-04-06,18856.4749103402,40116595.0423585,1500882.68502325,329252.488060616,120581.800638519,30256.5829386942,79429.3610737061
2017-04-07,141612.280668646,67680893.3305517,2149511.01464779,636321.439805138,202727.186685744,43370.9616420632,159609.998999671
2017-04-08,119993.873361996,68043271.1989421,2403307.80355576,638817.745970976,203721.843646797,48743.4271823102,175511.462647604
2017-04-09,72598.8349338792,35698167.5812668,1317556.34390289,333629.44046707,106937.911780056,26685.4479187406,85488.3331457599
2017-04-10,114122.678383207,80611014.6770118,3215360.62227232,614011.697633547,239838.553161147,64633.3547166608,154743.328817812
2017-04-11,99539.150055451,76320867.394942,3113187.78368128,582727.429219661,228904.922881721,62570.9332534398,144177.593990127
2017-04-12,36692.5362397701,52827232.190507,1828985.33915846,443526.444886821,158914.21082732,36845.2656678576,105850.022785233
2017-04-13,25191.7366966605,75225246.9665747,2514716.52573075,589864.592575201,225830.702340668,50612.6606551878,152949.976186774
2017-04-14,31361.0684792981,78272289.6932083,2438236.83554899,677347.106471579,235788.448446192,48868.4258189208,170174.680480257
2017-04-15,115951.493635976,75403269.2270601,2947966.41193137,702573.835689416,225906.922834648,58990.5837150769,180689.5532219
2017-04-16,146859.121742431,47332586.5670596,1438687.1187612,393063.640589741,141209.796440672,28712.8882900597,100187.897950268
2017-04-17,51019.8809578635,65553410.0081619,2220654.70616311,440942.593491169,196912.922677815,45102.9057469751,122192.783183051
2017-04-18,76678.4407677261,43142120.4112812,1880904.53766318,465585.843476588,129447.37446067,37587.4557059918,117553.330419626
2017-04-19,28250.5885434314,33351031.5403911,1394026.78553472,281298.240313194,99967.6757768424,27717.3117508312,71783.8461001948
2017-04-20,63436.7082811829,48426149.4366489,1892990.34703111,435676.594033581,145543.141286874,37765.2362750201,119476.450255238
2017-04-21,13607.9993004534,43527831.082377,1826454.27782957,307560.758244243,130945.276479627,36502.1888404124,79709.2544389591
2017-04-22,41662.9090207704,48152670.772331,1594165.68531896,496587.520959631,144424.0984673,32130.993650775,118121.205664682
2017-04-23,18732.0956065595,66900702.5211298,2567078.60187682,577134.219588318,201814.481302059,51032.1459185191,141190.569778981
2017-04-24,71521.2537423317,44006118.9212238,1703339.67641436,377270.751594582,132010.055855636,34297.0484563606,98366.8689637949
2017-04-25,54142.1086434774,33320405.5591445,1037907.84945431,345445.902401691,99961.7948278408,20893.2579372855,86429.6362786745
2017-04-26,157836.11267471,69133197.1766981,2962893.98893194,530422.318063142,207789.825528588,59159.497757073,136208.026755163
2017-04-27,88048.6978999173,47634979.3086658,1968130.90721217,430682.119061492,143151.538402402,39144.8908429609,108255.675015021
2017-04-28,70664.8250209502,46863308.2059118,1771560.33564269,324806.270949314,140939.191010008,35983.7752668267,83526.9035787899
2017-04-29,153482.238590017,65743867.1823128,2731931.38194803,496913.024461452,196039.910466534,54625.8109744136,124592.833629588
2017-04-30,47498.1189472857,60877183.3037236,1994955.38323119,438945.301650809,181473.415713804,40010.3536077216,113218.750302291
2017-05-01,93573.5143122253,39333886.5187908,1602939.12463187,251659.179105535,118131.447661207,31867.9953944382,65626.3352174831
2017-05-02,47894.5686445591,40106198.480526,1567564.08993855,331557.157637248,120386.97732766,31292.6627191168,86960.4924872382
2017-05-03,83055.5893211529,67184063.3991455,2282234.12807801,541779.450327873,201430.448915624,45441.5890677061,144374.494144837
2017-05-04,77460.7461396229,57302426.9501362,2155499.45283599,554942.11166107,172577.609486821,43109.3503558542,150153.628544062
2017-05-05,26735.993712492,57886613.442608,1640301.80214121,432611.034540577,173998.097244854,32976.4422854411,115186.751492325
2017-05-06,32131.359026422,67244470.3048001,2555735.43902895,589487.870189763,201655.439331352,51418.7549888651,153126.789883375
2017-05-07,32972.7588185368,45386450.5950888,1767137.08417173,366292.197726357,135467.208167323,35293.2980297909,89753.3804759356
2017-05-08,69719.8095326115,61520348.3145543,2541131.51534914,553759.265810538,184783.360933009,50644.2306819993,151270.308172244
2017-05-09,54099.6047597701,32474030.2245642,1160117.88038827,356924.059630889,97114.6389703063,22885.6875065154,93088.6905684947
2017-05-10,142517.325943841,66377546.4007681,2307986.15273483,582689.781377409,198263.732166049,46339.2703883426,158093.819854007
2017-05-11,96327.0346168619,68561447.5279021,2313254.84749036,498672.528708188,205439.819896665,45964.7989789059,130123.152844279
2017-05-12,42384.479507731,21465286.9045954,712905.983406325,193778.071113415,64014.187866826,14217.2802727957,49169.324216308
2017-05-13,208029.798526712,70992528.2259287,2054977.2358272,562806.40748474,213466.150763513,41158.9044911758,140549.72530628
2017-05-14,32454.9954823167,43848303.9953294,1599294.82738276,325612.027146095,131482.823705843,31796.6076471518,83004.8509562592
2017-05-15,72774.5527870929,65189692.2697764,1928429.56067476,467893.452389881,194714.314882977,38900.6930123323,127839.8217477
2017-05-16,121826.565164078,51136244.5052262,1880870.36884017,424160.089917391,152774.939705473,37297.2278731612,105913.292690696
2017-05-17,86296.0501111117,44722859.0333756,1804587.7301775,405647.27134338,134351.175256478,36367.0846365476,107461.725832409
2017-05-18,45664.1939182882,83832243.4486659,3419520.72566447,512348.273504535,251069.5926333,68416.3017868782,138084.324425447
2017-05-19,84221.4134161225,50344029.1716271,2052633.14450898,398576.659352187,152277.524318802,41240.144572365,103629.799293172
2017-05-20,60741.6772913674,48195268.0727746,1910723.755866,446903.945811143,144659.149845452,38501.8201907132,110817.355717379
2017-05-21,106219.535609572,73153662.0648868,3290847.22372935,622049.541052414,219869.651469256,65587.679086437,152555.228632565
2017-05-22,172985.552731602,51008646.6117432,1595711.19962899,431640.82987621,153331.570456347,31975.521593119,116216.105869964
2017-05-23,91793.9078745095,45798749.2017036,1804497.66709539,351684.617781657,138659.770534888,36138.214773118,90316.0293516191
2017-05-24,125650.426696013,59779948.462534,2609040.91349984,593719.327100838,179750.817476948,52422.7391384771,143484.719987124
2017-05-25,201929.340718119,90022723.7272698,3478417.7349518,920416.009730177,270145.711211371,69589.542926585,243812.930526127
2017-05-26,99471.6102976393,51258115.5355648,2333592.75784482,551939.929701617,153803.430893759,46823.9248816428,140646.593504946
2017-05-27,44688.5671222096,51735988.0087131,2082167.51126651,403258.271233313,154281.873995305,41652.9717135586,103617.987257617
2017-05-28,60829.552588132,61476999.928749,1790592.97476645,512491.287942183,185070.206122547,36261.5357236364,128473.88293477
2017-05-29,22109.7397322638,42151943.0751598,1602932.62711619,382189.778461404,126513.068333005,32024.5537218949,100051.599243127
2017-05-30,43757.4647298025,53053717.2946614,1995305.73558044,499374.706596706,158688.772443968,39862.2839903925,122113.950138715
2017-05-31,35327.6038608781,57007171.665284,2392260.28382343,391093.979233252,172077.227760686,48183.6223311076,102303.423100406
2017-06-01,23399.7556361542,48950230.6736644,1959552.22033341,406789.935075378,147258.906400762,39674.517127918,104260.560035747
2017-06-02,36410.4555930881,57131670.8276194,1770613.38334362,534374.727950506,172421.670264677,35738.6735727578,140874.410199974
2017-06-03,157514.851127683,58713732.3803662,2246506.23678672,375144.091700243,176195.251671221,44717.8920654324,101009.378686987
2017-06-04,121367.615221452,76153517.512786,3099095.16031315,738562.367216521,226423.324165213,62143.8333299677,186628.302255319
2017-06-05,67521.3727276266,71227074.2630713,2547105.6715902,817528.515418645,212719.688842723,51123.6850147674,205739.899406688
2017-06-06,89379.3879976706,53013300.1161215,1926739.59918327,598026.084288006,159062.709775871,38581.5229340186,152370.242812916
2017-06-07,167634.089977009,66154760.6343555,2520309.00542826,468898.860476752,198508.829059763,50189.5564875881,120733.881036499
2017-06-08,71071.443988767,43325951.0354908,1616982.13278522,468575.526916805,130117.593955404,32181.9851802146,122297.326679665
2017-06-09,70805.3130832789,58009224.346165,2266866.17223304,441665.732013147,174348.697910283,45067.4473488219,116294.686792851
2017-06-10,137066.971522098,47984600.9231756,1938320.88448898,364289.210858297,143658.018647216,39016.7827338656,95232.9416071279
2017-06-11,92872.0092765712,51478448.1447237,2437370.53628462,541816.52507889,153741.083942152,49203.5993921327,133668.95309966
2017-06-12,40092.6653339329,51283007.3198816,2376617.62512014,501522.571164859,153877.031313659,47270.5501479365,128833.716022959
2017-06-13,56168.4368103498,46874256.2208339,1674645.82087701,431062.123452053,140083.471256479,33869.5883538453,119232.977347516
2017-06-14,29680.3567729855,55773141.2481833,2483608.12437286,575992.976150852,167394.328937536,49911.3898006841,146742.242060296
2017-06-15,132991.57951583,85810473.057993,2865035.9602271,796583.936520318,258756.914270501,57604.4101847477,223868.095061142
2017-06-16,127922.263547648,71313490.2235608,2330453.12301733,640772.946219738,213771.989698577,46938.5310901633,162201.680580406
2017-06-17,54886.7853472856,35864801.7315129,1735636.40687443,375238.502240472,107571.543887794,34735.9220354648,94674.0732526369
2017-06-18,221395.397632754,74769807.3684693,2597036.95121962,690263.798880143,223440.774034958,52041.0506821833,190232.610667649
2017-06-19,13190.9584231189,46456840.5709562,1864712.67813176,366832.474140565,139449.805545368,36953.0669214214,99029.2433950595
2017-06-20,163205.200729415,68965638.5276193,2722366.37695087,519392.353766418,206660.544342776,54254.4322120995,137358.564834053
2017-06-21,39727.1411105434,54217705.205993,2272056.70069273,400084.284825435,163718.41280067,45749.2047294563,104682.686071513
2017-06-22,77393.2935091499,44457833.9594527,1419921.46333521,376970.778068645,133058.178605945,28216.5135094164,101367.020125326
2017-06-23,58137.0847869652,39477587.2899368,1695671.38405911,374963.60530582,118429.444727553,34221.6311241902,96680.8544853748
2017-06-24,19200.7209341026,44949506.2516717,1325096.85957601,368098.933193187,134383.800212093,26572.9210646624,94085.3387477126
2017-06-25,81506.216922047,56484431.0063446,2313020.39572209,546835.482391532,169680.469680065,46298.4866322764,138277.190156688
2017-06-26,59794.1491020271,70604815.3832477,2806098.55278082,691287.417744164,212397.183970271,56146.1906797393,183144.787490839
2017-06-27,179583.754413615,59023011.4312284,2030347.29127951,510258.233146911,176971.094370828,40743.0202928206,133179.334494625
2017-06-28,92331.480419487,74179952.4370683,2964565.11424348,623502.062972002,220962.707087513,59782.2721611949,163894.809467046
2017-06-29,76291.6561656419,51179598.6707222,2009585.24584626,511931.219957896,154221.871982663,40733.8337779514,127948.857422497
2017-06-30,35393.5300169159,49705232.7152496,2309258.60454551,465261.460276572,148904.21231775,46198.1220075785,117663.173109322
2017-07-01,63035.797127911,35271867.2695457,1464170.571339,278577.485098239,106322.05066301,29155.2636079959,74653.5372187908
2017-07-02,32209.051839167,38867796.663036,1378933.7436678,341083.283442629,116573.707490412,27746.8783578817,87077.6679225132
2017-07-03,44852.9177971761,20221033.7350536,666659.696108799,168247.679946171,60732.6422608911,13301.3495330344,40857.8792461617
2017-07-04,39547.0964137835,45002263.2270382,2114863.8889197,458623.859096406,134747.063472932,41668.9062113212,119755.51286876
2017-07-05,28972.4432445317,43580837.6652602,2080093.15904375,461871.515476692,130959.28520018,41393.1694033687,116413.506768493
2017-07-06,59726.1093643468,42101359.3210249,1364479.10085197,432271.922075172,126922.442073746,27147.2987044934,115979.034835754
2017-07-07,34216.34557061,45363880.2640592,1776234.7249625,413631.002279915,135739.131215086,36241.534767933,116390.503170833
2017-07-08,77467.0442570724,54170334.9235944,2048675.88172329,631700.91767335,162963.836003501,41428.1235561641,156408.429346586
2017-07-09,46833.7297241801,28608274.1368233,858562.225895561,221118.90774772,85224.1269466982,17298.0142166682,56934.2079049392
2017-07-10,115800.926627384,42848794.0911056,1198874.57328666,323047.961480306,128912.849567937,23967.0491508271,81998.8643557346
2017-07-11,78734.5480590894,54961609.0476164,1906426.58939799,485406.931636024,165334.117993131,38239.1897812164,121806.870620662
2017-07-12,80637.4671700548,52762452.2992804,1757978.52610701,564267.705147669,158505.314422951,35415.0733832664,151145.734311586
2017-07-13,98077.9059034007,61579081.6379697,2592668.0713857,615920.429425714,183807.772283066,51990.7510682419,162800.375289697
2017-07-14,26579.9722827062,60876095.9799387,2700709.07198483,563709.383854451,182119.201845476,54374.396816159,135896.201382234
2017-07-15,349012.549647056,78717907.2774165,3121828.02039608,529295.540553649,237219.292976174,61791.606188862,134706.191477816
2017-07-16,47461.4183524616,31898585.0613914,1405426.34546069,249481.444197824,95924.919972629,28259.4002313951,67144.3323091096
2017-07-17,49970.1224990977,62112561.052822,1933237.15305689,503405.543434435,186167.738672641,39172.4634173191,131344.82652777
2017-07-18,43006.2943082755,53035605.679656,1872779.53052359,388439.051911322,158291.395421766,37434.6989364879,100239.017821094
2017-07-19,29852.2696191343,40203398.7029356,1661413.39548149,376464.506202091,121003.02129476,33276.4751834975,97142.3691818477
2017-07-20,84592.5283638825,49224624.0937892,1832985.9252961,404053.945305189,146966.252040418,37056.496480848,104329.211995924
2017-07-21,24423.2377102338,71422849.7149178,2706846.27290493,615048.82942982,215122.653797455,53890.9328278697,150426.521884238
2017-07-22,34529.7215494177,20474229.5797846,894497.780870173,174360.934457842,61751.6166479017,18082.3037426925,48178.3865789006
2017-07-23,17738.1454222045,29227565.5210768,1086570.27637858,304842.8356107,87495.0392772224,21759.645142546,78305.1509571697
2017-07-24,26821.7022621016,68349880.2957372,2349061.12207091,686495.768150792,205127.369597845,47157.2430583213,181262.948844143
2017-07-25,68582.9799533009,52418877.37942,2344017.25541528,447051.326695342,157528.682899971,46384.2277652157,120223.443647281
2017-07-26,57541.9382306659,75873417.0277444,3390890.84487295,699600.461574135,228252.857518831,67448.1095025282,182244.692985784
2017-07-27,67769.8622053621,39065453.3507502,1441185.61604705,347479.918612394,117176.961039059,28855.6126097965,89904.0634223533
2017-07-28,72499.0098794297,34851203.9208666,1525009.08173085,315018.694828881,104367.568162057,30726.3169029206,80499.1302331973
2017-07-29,59407.4430953295,65719483.7898277,1920607.05110562,590069.03719155,196768.816880525,38549.3285308836,145006.079943503
2017-07-30,158778.747017766,59125412.6059224,2084665.49180576,501193.972132304,178211.232225407,41331.8705446286,130197.037828352
2017-07-31,39967.2872982108,67777204.2982986,2766990.61912602,681285.850669377,202394.689239901,55271.361799484,185362.32213196
2017-08-01,24137.7985541475,72239695.5371656,3390292.04383028,678906.483270064,217141.342629528,68444.7593455456,180078.562990163
2017-08-02,116529.223619859,58725824.1237972,2398056.63257138,575790.268949425,176172.416645938,48797.4833815275,151643.190871485
2017-08-03,137230.261312103,54145620.1235958,1747866.1756816,371049.6798759,161824.283931202,34616.9821458527,98944.7352754949
2017-08-04,125382.320689793,80061256.4938266,2617385.01502932,577879.331612304,239600.399382714,52815.3302652058,149687.23869577
2017-08-05,39204.6022818379,39976921.8195413,1331291.57440418,340646.535834548,119759.284928929,26964.7501380768,89577.3043857087
2017-08-06,23594.1726644539,41748443.1267733,1225543.86769407,344806.12182998,124774.604802685,24498.8813932796,91308.5600112542
2017-08-07,34278.7657152627,40611194.2682808,1345791.41153708,316461.463387274,121917.166330694,27071.8239949339,84121.446994734
2017-08-08,56545.8336638049,55505453.168522,2342214.87368986,438813.360468289,166171.554185609,46968.7041771311,117339.424182796
2017-08-09,88479.2757747891,37284437.4496647,1666900.90660521,326306.369463298,112094.761047453,33375.8025706869,83323.3018527597
2017-08-10,212072.117015024,64433726.771049,2673872.13779186,649578.878005861,193768.720550008,53651.8131842324,175942.670490695
2017-08-11,48591.4842418451,88339304.4068082,3551465.60068185,681280.912493539,266337.94836179,70890.9700533989,184491.252328321
2017-08-12,67424.2204118223,71701543.7393013,2570082.72384074,578188.601594812,214952.864270741,50676.524136861,148361.266073176
2017-08-13,48464.179366297,51041157.5011548,1777467.02689714,563224.601339858,152899.380837683,35857.3007609501,148318.066176012
2017-08-14,144662.66068092,47774513.1513726,1963066.56144822,489421.004251851,143366.741658913,39986.6466706094,133134.952718491
2017-08-15,62641.8161849972,52166684.8982951,1781012.6477966,504352.128127063,156153.455836665,36297.2823068377,125494.661528808
2017-08-16,64343.7390462472,53575470.5377927,1809200.01774036,526579.45426306,160955.450218915,35872.5001049058,124948.087677582
2017-08-17,69647.2696342611,31121445.4735555,1049333.70437656,289947.02825507,93273.4656425024,20965.8440589747,77722.16802178
2017-08-18,14955.3482014852,33835100.4453777,1057208.43082224,255468.347914761,101455.211713686,21390.3970590144,66070.8813376993
2017-08-19,138642.14099257,88236623.1575613,2493060.36432078,675106.494161745,264517.572725259,49600.8741899374,179117.821175808
2017-08-20,159773.26794837,86260335.6060045,3088077.68680644,585097.900230001,258212.033706184,61976.1346998508,157603.283148085
2017-08-21,55939.0686670951,36830445.1399935,1588363.02536406,395082.523701784,110728.324591284,31443.622228829,101770.535892466
2017-08-22,28188.612078056,51864091.3235463,1667052.67460008,392661.847737387,154945.168891591,33001.8249200994,106088.701516054
2017-08-23,51254.0299584615,57021469.7753473,1967129.79278912,490588.544669425,170668.56869317,39403.0850941875,131208.053264151
2017-08-24,110416.663448297,55540686.4618659,2108733.56158094,421892.869015022,166630.700506036,42673.2552193886,117281.574169751
2017-08-25,73924.6638110974,52227017.6248152,1784086.84073052,580154.047750252,156391.34637139,35521.6452484096,146759.923713281
2017-08-26,96243.5285077551,68182462.5003326,2222329.75017857,663469.930453027,204995.314181452,44878.3764838346,181775.530774737
2017-08-27,141142.152861465,58674913.5974324,2092454.86686994,527747.803440526,175769.269956729,42401.7625333946,137774.217695846
2017-08-28,40589.7805515844,29037535.5249052,1042102.8290834,245337.045336593,87236.3109118885,20761.3634054706,64225.4987736037
2017-08-29,58126.8426863589,49627943.774959,1974971.39574875,336057.086637408,148645.91643652,39292.2906484449,91560.6210524563
2017-08-30,147772.93486962,55271348.7315831,1727216.96833718,456115.051582277,165509.724230804,34415.5255482156,110970.563679401
2017-08-31,107772.896703908,65744966.5040044,2443763.61625192,524843.553774726,197486.672465546,49006.7429143538,141798.10241824
2017-09-01,47857.8361699777,20008822.8013128,789014.682025974,212481.645759906,60048.6096030689,15710.471623765,57573.2377127503
2017-09-02,83529.8922142004,70361479.7475756,2144114.02805587,474236.780694048,209864.210035175,42845.8455194371,131976.425082824
2017-09-03,20919.1069971374,38938592.6771418,1571720.32175619,264243.858468226,117323.027191754,31763.1385369324,67518.0186192233
2017-09-04,70296.9156937245,48351338.0765017,1625520.98623651,449306.194944218,145701.303264068,32492.1838640152,119081.800689099
2017-09-05,77077.6574144065,61605093.1695034,2635930.73316018,497152.173955415,184617.277160345,53365.7240730784,123804.445121753
2017-09-06,45387.4399894922,39376852.7656748,1181789.78809324,353105.588437126,117744.406939419,23393.6913970934,90547.8224817999
2017-09-07,62224.2154643425,79545231.8921503,2721561.36460765,816252.537564329,238570.613015527,54687.3910637929,198896.153333794
2017-09-08,25507.4760423055,53648424.99626,1945316.15973491,390217.459442614,161540.369021504,38558.060421187,94209.6329742165
2017-09-09,162137.992812368,77946527.3210624,2904493.32463914,717447.966389885,234150.508543496,58859.8011715475,187917.378092372
2017-09-10,80430.8045573292,52327771.1714714,1947142.29478217,419082.081556185,158082.306927275,38511.5077172864,100688.461414426
2017-09-11,82447.2471714473,53186907.1544404,2336268.05010392,540837.597914401,160234.886003596,47627.0972705824,139140.525305553
2017-09-12,60033.1076790969,44755714.7037374,1535093.92565544,403207.365956578,134358.11392626,30835.9098723986,108726.621749538
2017-09-13,161008.383386361,68170059.7637903,2641032.48774559,439318.011659373,203825.483576266,52851.9092054185,118218.354917796
2017-09-14,78346.6614881306,67239959.8101461,2253469.11816399,697025.083402019,201470.656203162,45011.6946081816,176193.336403081
2017-09-15,52046.5769277017,60590405.0882713,2295844.76397073,424589.423073572,180787.314171822,45490.8835772525,114236.293459892
2017-09-16,64498.8211725491,34581244.4642324,1044791.52335103,251920.537602679,103383.087108448,20953.9271332345,68888.498171324
2017-09-17,155042.374916131,63084983.3046929,2514089.68725405,446450.327060261,189332.608592313,49929.8156271713,118682.212387317
2017-09-18,34215.6856437559,62736189.0149078,2490536.32951654,399072.649756494,188293.526582766,49558.0925743319,104689.64672027
2017-09-19,40242.7014974048,66102367.1457199,2674918.24744564,516165.231769292,199140.579700298,53547.3249145135,135186.411904499
2017-09-20,68220.6487436434,73724455.9663498,2965230.41157497,693286.939719819,222234.022635212,59258.5405580996,177106.303863871
2017-09-21,145749.26136452,88956323.2141144,2956861.00638917,595687.388869257,268160.414707447,59458.1312584965,165371.67480186
2017-09-22,49904.6091814334,64493994.3613372,3002125.98538266,638567.6486133,192620.181940747,60599.691444809,162944.392971589
2017-09-23,63121.7968722917,48393994.3976925,1850697.61276288,343764.743307982,145352.650082123,37163.4857239066,86394.1342050818
2017-09-24,34312.6436090501,35912151.5246215,1398688.49726775,315466.994445879,107282.945525529,27862.4330303304,83224.3452042458
2017-09-25,83740.1882425823,59135713.6806718,2361202.84068658,429413.091724155,176658.378938422,47117.2774725264,113101.359449047
2017-09-26,31354.1650047329,76063628.0344056,2290563.49194168,663016.413280377,227653.798085761,45934.9041750348,159907.36031858
2017-09-27,93460.303491733,38714703.9013462,1456392.78062219,336832.149419536,116060.089816492,29407.4366308005,89380.310278141
2017-09-28,130832.624483263,89821796.4003311,3112521.43131588,600224.143236855,269123.931886683,61704.4841954691,164726.74405475
2017-09-29,69087.3849801083,45502291.1721621,2066857.20310131,463008.628538022,136485.952711052,41811.3412729668,124610.833619204
2017-09-30,219346.441295487,75860289.2079713,2573901.22141101,780645.397383604,227922.509169792,51177.5990827471,208056.620240648
2017-10-01,44129.4392016639,29667881.7095746,1055635.41574699,340756.278779037,89458.6707991374,21310.2478243071,86742.5546707082
2017-10-02,103010.006836163,61701983.7412554,2494302.50199138,444954.944402448,185694.716262713,49816.8906441346,113310.094469844
2017-10-03,29880.248218505,43201848.1184709,1439595.99937762,335162.232775848,130151.439010751,29122.5164136031,88735.4779700165
2017-10-04,126242.781594769,59110278.2186468,1891018.58257176,425107.444985064,177210.880340744,37770.4037307798,113308.395416177
2017-10-05,25354.4138831157,27192107.1323703,1066156.5310642,223514.406567669,81598.9907961513,21517.9236050493,53627.5217329977
2017-10-06,96479.5045976081,59011908.0716486,1891115.14189977,551966.97889943,177423.21981182,38333.5968569219,144010.414990074
2017-10-07,80012.4476149544,35438060.273116,1307215.45564375,245059.461647269,106390.001322023,26111.2995613524,63851.0081043639
2017-10-08,15406.9121407796,9275310.77929142,363999.136417918,88689.4189162662,27827.9335057841,7249.66275602455,23664.2837437873
2017-10-09,38237.7488003941,54554085.7294443,2067006.84024166,444061.788188208,162928.184483114,41032.1328669211,117329.469862195
2017-10-10,56760.6441613547,51084563.0026225,1789406.72787017,505346.465331214,153154.466674971,35786.7573628152,129283.460462114
2017-10-11,28308.1503196704,33050185.0294802,1168921.99766745,267109.897890193,98806.3998530241,23082.6114835664,72377.2532853674
2017-10-12,128542.426622485,92240823.4979707,3525398.12044706,836299.480486731,276247.178249833,70518.0299011267,216082.58481165
2017-10-13,87617.4783214451,37635623.4360693,1152052.74536485,342652.028140132,112382.344702177,22980.0875420779,93540.4492156403
2017-10-14,40742.9970351165,30784756.2305815,1151088.5017732,288120.367372063,93212.9758997913,23033.9928695964,77758.7502334062
2017-10-15,66921.1099495797,53248396.1411934,2290729.43304921,547394.974762135,159871.708478801,45849.404404733,132643.562984927
2017-10-16,78839.5382324492,41280915.525901,1481629.96602872,394202.2242793,123606.442472698,29794.0760069119,102243.916980553
2017-10-17,116007.595976568,74412550.3374498,2764178.53998575,500512.986092174,221893.258561107,55569.5326531767,135443.916168454
2017-10-18,90364.2101390839,55725305.3570534,1545406.96540877,418167.475944176,167535.899770195,31045.2564617862,111714.299976383
2017-10-19,130450.42492649,96380885.1770788,4262670.21912416,742268.791268155,289278.328591628,85685.0734289967,198433.588113953
2017-10-20,67533.4659806596,33927849.9409402,1274183.3736779,336047.484252515,102242.946034019,25428.5402169882,85711.3318697165
2017-10-21,24214.8408484945,67637279.7863397,2181035.31233739,580169.342760294,202922.343687772,44341.9493863211,154530.643967667
2017-10-22,86176.2273832788,56302370.7217072,1924199.48217429,362605.141112813,168318.433033213,38515.8074135335,100126.300635556
2017-10-23,86775.2235429073,58074448.5128509,2034699.28317775,428861.165873495,173892.434699971,41210.1135795475,105465.704399272
2017-10-24,50767.8149530782,53002088.9938034,1788189.06413542,539117.204884199,158657.599743349,35410.9862503386,140568.19077426
2017-10-25,47939.9364105792,49330126.7201754,1986672.06447916,552371.078626202,147911.918037938,39974.8747391627,135338.805290533
2017-10-26,147868.846047686,66057177.5159332,2036352.71273745,590477.501429401,198509.093683439,41024.0072696598,159150.316538656
2017-10-27,58028.2599292332,84618227.3906278,3259588.74737498,614526.690351561,254455.273730199,65159.1477520376,159441.870849889
2017-10-28,54885.7643770048,60748550.1858104,2505144.7982121,508635.094668776,181131.452466389,50557.7461504154,134924.745661383
2017-10-29,80496.1347120573,61073956.8203063,1987345.22423537,611892.540743715,182675.601173366,39825.236553653,158528.701964376
2017-10-30,25996.0981203075,30563614.3762195,1190882.19663257,224355.43888094,91286.7284182765,23946.3207584287,59135.2666748905
2017-10-31,137455.77626014,79502757.8367848,3155022.97518818,929853.710631907,238192.733899576,63297.7674120342,227455.72995484
2017-11-01,84993.9797170973,76922120.4295496,2867451.59252669,883477.532586251,229913.063494294,57418.4954880322,219625.425410661
2017-11-02,34877.7436992416,25441901.1783627,1024157.59429999,198751.243803997,76099.4864434073,20588.2043242814,50959.7940887105
2017-11-03,53130.7214793856,46201385.0459969,1444435.58875249,381655.61192048,138566.858707427,28914.3598060445,101200.977372754
2017-11-04,45740.0973316424,62870350.2788213,1844432.82174133,514983.940791075,188383.248700404,36715.0015817249,131178.204314574
2017-11-05,37737.2914215658,43064423.3623729,1864209.05751721,319690.136386762,129272.039260237,37284.9526890639,87045.768792068
2017-11-06,112693.126051781,72560268.220109,2909810.14155048,493667.568196179,217082.367384539,57483.9817797536,126300.676133658
2017-11-07,142757.685384628,75901398.6607382,2579046.36227128,611447.908874945,228088.848717382,51263.6297397525,161320.025047856
2017-11-08,33445.0810674348,50131406.5599291,2098778.57418092,501199.044639756,150506.389587089,42333.3600942357,122809.638832485
2017-11-09,46420.9925831745,19852198.9558756,809697.259927722,187843.261972261,59375.7284586502,16170.9056977859,48680.1224202882
2017-11-10,43641.7626799014,39247073.4030807,1373277.49128151,427203.18195005,117836.353899492,27573.6855441447,106882.518398982
2017-11-11,87127.8121462661,90266529.7012976,4326980.48233969,808324.788357203,272398.023683385,85560.5300417673,220237.029282312
2017-11-12,35764.3368509571,43276886.2865203,1637649.81111939,413106.509785546,129308.321073835,33237.9633387529,104873.756005367
2017-11-13,143777.777973241,55555637.7956142,2270699.98488375,573202.731876053,168320.925248854,46084.3829034569,143350.372007059
2017-11-14,89235.5760917983,64979060.0666812,2582883.5329882,438687.596558085,194590.859095112,52375.2675648519,119867.016590901
2017-11-15,116892.113739719,73670393.4194772,2971371.65935226,758360.56482105,221041.437672143,60264.4695028066,200488.854294802
2017-11-16,39322.661903268,66577933.5787841,2985339.78289177,616782.304613213,199017.818847073,60084.1396326512,159514.222692797
2017-11-17,116289.784325991,71859752.7418018,2431497.37356869,586832.23886436,215956.594971013,48511.7333483162,152936.4854748
2017-11-18,76546.2700191767,63911324.7837197,2070715.21795379,687502.937901477,191021.762028565,41155.2197310432,178712.959864463
2017-11-19,74637.2011938609,53345871.3402939,1890270.79900175,425604.810074318,161303.370754102,37912.3773811206,106564.79220152
2017-11-20,78594.2283656369,63393960.4811512,2546296.36885714,419115.507568503,190641.951529908,51618.1090708144,114845.222647934
2017-11-21,140876.460738598,69927640.2818029,2651713.30001611,766357.515235987,208928.069610826,53590.0866998931,198663.361329327
2017-11-22,166545.943578234,55753244.796196,2159384.7339003,595644.552196495,167252.967289336,42772.2013204464,157875.517918375
2017-11-23,38750.7586360607,33150765.6223886,1343131.92059615,329979.544833353,99197.1363599195,26733.0017965176,89174.925772807
2017-11-24,166465.66200464,69457416.0280341,2755622.36584396,640367.043884267,209517.150871189,55356.5020008815,157507.145433146
2017-11-25,47292.9463257771,30569517.2955799,1239893.6519514,330257.428050144,91652.6102976544,24950.7740201149,85891.3722704786
2017-11-26,24897.1171628207,54846461.4480946,1708811.95403673,549647.127498058,164654.094060656,34294.1209827977,140737.105923889
2017-11-27,124161.0774127,56022465.759623,2396327.42900405,405245.085024114,168550.161577658,48046.8412309042,104980.774711043
2017-11-28,73022.740896094,34422633.9361679,1353414.33443848,259432.485631498,103214.673820703,27012.568396269,69902.1610254246
2017-11-29,98612.7090060776,54689566.267642,2373872.04604256,459808.440475827,163060.650484239,47957.2771146635,112690.089791881
2017-11-30,102219.29421629,43730899.0698866,1580845.14945593,362799.681801165,131721.959159975,31753.8093276934,95530.0451265987
2017-12-01,42558.6548884048,44262301.965208,1717331.85105702,485488.685521474,132635.176827594,34168.1865644687,125236.453560224
2017-12-02,97889.6703919978,67722925.5375731,2605785.25781496,728936.555055632,202634.216836067,52002.0435536231,173500.500281898
2017-12-03,89310.2607742436,37733493.5569405,1632934.20303027,355397.168328527,113216.599817357,32549.2050852286,96061.5497970694
2017-12-04,99372.9124825514,34832097.419042,1275541.88940683,344979.52667538,104741.04820036,25668.4180367113,89612.4050448576
2017-12-05,22861.0580638657,73218278.3552872,2596336.87958066,733844.096059097,220567.133173922,52467.6693383428,189621.320217231
2017-12-06,121500.327528608,52897631.3053741,1711099.33450952,407553.430640435,158474.618823852,34514.6223502051,102143.280787675
2017-12-07,163529.558911149,66609591.4992629,1995361.90362496,613072.509422558,201445.975478342,40232.9697594477,153704.315169509
2017-12-08,58183.8007530786,39394693.6199184,1507921.80531041,427281.708291486,118176.18214948,30551.9701596611,106702.308033235
2017-12-09,36101.2938085867,59200991.0940908,2572860.51957843,418265.562494201,177734.958795452,51548.997377945,114449.31182405
2017-12-10,56516.6029384316,46833365.9035701,1505332.79095955,384328.407053845,140779.912087642,30057.9121313964,104077.055862496
2017-12-11,52756.7690136103,88957514.6610761,2913009.57109808,612482.021660155,266221.396692628,58600.88447334,160272.295015191
2017-12-12,138643.555280856,77264335.7182494,2480880.83209057,795850.795551317,231808.264272461,49354.1538027507,184413.762918894
2017-12-13,71538.4041020948,44842192.1165347,1560984.30836799,539795.88731119,134898.144249975,31595.4294229719,129516.839634277
2017-12-14,89456.677718144,46953156.660309,1674428.99809884,433165.254175043,140912.768319029,33724.9072747076,106519.736668916
2017-12-15,83133.5221435722,50823143.8684592,2307235.17910034,533337.217066201,153025.974209656,46931.2537424517,139115.843203119
2017-12-16,28448.4889842162,37213461.5001037,1600995.60392426,333792.966240162,111551.30547968,31828.223283105,89108.1298156783
2017-12-17,26806.3378380927,107197115.375451,4173786.05383147,776905.894709519,322641.413172497,82427.6283198945,196621.373776748
2017-12-18,135219.692973294,63058732.3288399,2556578.97140899,547476.518648167,188786.151982276,51016.8116749968,143019.081250546
2017-12-19,37763.9271628318,66398942.9369056,2212982.35574926,500453.663252492,200100.935157584,44656.5337529824,128814.870040269
2017-12-20,116423.350776247,54990041.9370933,2086575.17936984,510009.387251342,165878.975973637,41475.9424142486,136262.468881059
2017-12-21,102103.13431954,45292923.6449247,1718988.31220112,467237.39921242,136327.755887622,34584.1934109574,124875.788813424
2017-12-22,47878.6188883736,47141051.9852512,1989535.34688622,448581.76592287,141074.247331726,39811.9680243707,111138.819506123
2017-12-23,96349.718214603,77626112.587673,2373515.79883947,605123.46071844,233319.676853947,47572.6805416898,148762.879967731
2017-12-24,65117.5655665062,34025982.1611346,1156549.97438464,239298.605611737,101505.273380503,23137.3398640122,62864.7136773201
2017-12-25,135222.262157533,74160761.0544907,2717332.08113185,644077.276968369,223038.082357971,54845.2410307038,162818.161203877
2017-12-26,48889.2692364792,42344839.7793571,1444997.90085358,396997.573284786,127866.576981971,28813.587926194,103049.142562052
2017-12-27,104885.595807839,68353392.0584292,2324179.68522653,706352.851260245,204452.193620518,46250.6036653803,171639.187755465
2017-12-28,60841.6398900838,65546396.5475604,2530947.27462531,582836.820008539,195568.542801106,49719.7304691235,157933.294826394
2017-12-29,28523.7436705217,66164696.0914888,2507357.97492229,506645.510161276,199455.001198832,50426.625991282,137489.975655145
2017-12-30,83303.1283950393,37950562.2839503,1358932.8239545,314397.043646761,113568.252259277,26909.9954813098,83885.349153199
2017-12-31,167524.773119707,103067451.300489,3065218.79103738,785376.104447936,310332.208941637,60934.0342298823,198894.517169421
2018-01-01,226658.009089699,86372649.5140633,3804198.32403647,864187.376766196,259450.019028979,77757.1089042689,227434.639049795
2018-01-02,163622.800652677,72481346.8719105,2964922.4469743,544650.721436614,218184.135424613,60093.6929420702,133586.925028174
2018-01-03,55461.2564807195,50741445.6574938,1519148.83117183,412178.140763982,152063.391670679,30406.1614122733,104061.322317225
2018-01-04,87101.9298202056,75527465.8208702,2153764.56416037,579932.961899421,227390.782567042,43223.0652417812,151090.101238269
2018-01-05,115855.425160901,55772575.2703569,2197683.26755152,547771.333643392,167822.295291495,43733.4418962237,133220.507918333
2018-01-06,93560.523969706,47902478.0744939,2284224.73431703,498394.006763153,144454.607681097,45389.0189979686,128794.720547208
2018-01-07,47775.3202729984,60028294.7516293,2064486.13351729,495366.338429352,180615.1769088,41393.7011223777,130164.544179687
2018-01-08,184761.208492916,73554200.8979872,2816383.04571588,501446.644081124,221127.373569829,56765.3283229398,133225.924054129
2018-01-09,146166.246525114,65273452.850422,2494515.28190396,711253.233154905,196884.166325234,49342.0306535901,183391.510335956
2018-01-10,157076.917984623,61170566.44877,2184425.04960339,542995.417398615,183319.615089397,44024.2609660759,149136.357862484
2018-01-11,33617.0667125038,63741941.3172875,2120212.35895291,459615.393330073,191456.707306328,42391.5490073932,119120.086162072
2018-01-12,105294.574409171,56514934.2793745,1819987.0443063,602113.393938719,169129.647804461,36123.503671501,150674.403493858
2018-01-13,42038.8452972627,29409833.4436325,1116806.28641993,310849.574122433,88860.5122347758,22216.6006508678,77487.7804419279
2018-01-14,133238.234218042,57558862.4761233,2246028.27199379,614250.914517422,172208.118194343,45141.3570420227,162127.986470686
2018-01-15,122507.397441627,61421644.244694,2189369.998213,445568.960636243,184668.615730551,43449.1743513182,117206.818028038
2018-01-16,33351.1859229425,21857710.3327129,889409.123194055,213089.087301334,65381.5239734117,17923.5520144647,56070.5434334746
2018-01-17,162068.418240002,84630241.9335123,2847830.93296924,711549.325697617,253502.119580564,57506.3514852794,182318.954672191
2018-01-18,259694.158991926,89377486.4010646,2771634.65721945,666625.480450771,267277.27384952,55268.3286127528,175576.178604979
2018-01-19,257594.003586525,90567464.0209453,2979957.62021352,664328.3603456,271631.321112332,58889.26726072,174339.267707303
2018-01-20,67319.2697600672,55460278.2437438,1981465.65306343,487570.569684348,166280.093023114,39911.9237781292,123355.940162578
2018-01-21,40959.5869257843,66444501.1369617,2677118.58407635,449670.45487753,199026.610771229,53240.4387426171,120805.754992262
2018-01-22,60237.0882406203,75364608.3937356,2139317.73886909,573918.287474016,225842.610367496,42545.8942545422,152509.674832686
2018-01-23,116021.771245273,49207061.5460526,1946306.02733481,418400.380895273,147432.568982394,38859.4090854602,107911.566313647
2018-01-24,83292.481134254,35919987.0387566,1561191.09589246,288584.614347663,107076.323052086,31441.274327791,84272.4118717183
2018-01-25,94416.0304719832,49030775.0068866,1985274.74263455,455955.043998457,147391.995381893,39795.7149500059,121374.766508282
2018-01-26,165725.549248247,61902451.2632005,2915334.49779813,620943.914426644,184927.426370033,58564.6144123115,154024.971129745
2018-01-27,157208.208297147,99196410.8082836,3568570.70405854,711343.828316807,296960.330806029,71696.5051465951,181333.040546118
2018-01-28,28120.5930902288,48919888.4681833,2174981.97684675,489452.976159039,146002.729943861,44080.332532705,130962.57732385
2018-01-29,71505.2469968216,51687934.6218524,1898328.51468768,511646.64548771,155264.202357174,38307.3743273256,137369.872265006
2018-01-30,49359.0179537164,56163173.3477994,2297842.05135777,377648.082779505,168404.785848227,45660.8957091112,100835.461042826
2018-01-31,35549.8652265153,35911710.4910981,1504904.19902141,299529.429982479,106732.592861714,30380.8627809416,75078.225553029
2018-02-01,66218.5879775638,41420587.5078434,1685027.97707335,438254.051682523,124387.096848757,33674.4884059913,110538.299941164
2018-02-02,49584.0027635985,56010109.7231007,1656302.12290283,521907.288131281,168335.336174532,33416.9303532771,132174.761460631
2018-02-03,45684.372724415,46528211.1760597,1862788.92160655,413196.12387465,139212.479291099,37564.8805611348,109206.914220422
2018-02-04,55441.2441680731,63715537.8527899,1865463.22205145,472980.175062101,190855.901317896,37683.9915638109,125287.615559939
2018-02-05,31541.1604374048,57755955.3627939,1871563.1585504,400419.355278559,173351.656723951,37467.5953951253,106605.608371988
2018-02-06,43807.4394569115,76330462.0105109,2366452.64209481,705673.015277658,229606.602057881,48174.2002673032,188638.140491614
2018-02-07,45251.6687707528,71886512.0005747,3126916.28268436,735412.799366572,216102.544125364,63117.4693928142,187450.515982657
2018-02-08,98687.7003059865,47251793.5276212,1731794.95726925,289651.444612218,141848.798758501,35398.7283012561,80866.4887920134
2018-02-09,29337.6636101523,25834635.4875457,1184211.44299323,247895.314583564,77229.8420903714,23857.6295420845,66039.254162904
2018-02-10,90404.3829344079,70255705.6117952,2450248.45391767,644805.454964585,210914.420586717,49048.4192129393,163936.697708979
2018-02-11,72695.3773074493,47387882.1646593,1699690.40035206,534591.925830333,142013.336163417,33926.6953659545,138452.547936413
2018-02-12,40933.1856197881,34082048.2872666,1458108.8631192,355273.655803758,102208.370808438,29251.8305153579,87922.1544545798
2018-02-13,84013.3849121409,77822620.5459037,3235128.55213266,523213.91200557,234315.653355647,64786.5755374358,138089.56012608
2018-02-14,75578.1782037723,42464475.1156922,1625189.64693019,432692.053742104,127394.028483519,33105.459369677,114491.703663265
2018-02-15,127089.831198183,70013217.0360167,2936264.28330745,448244.425075198,209494.072250855,58572.4251581124,124211.950552884
2018-02-16,137158.317130844,42526955.4964998,1718713.31186169,272009.99843931,128151.855406088,34758.3761778811,72033.3575640404
2018-02-17,49927.7910000794,54569617.7240134,2161710.82766575,408481.866982561,164395.2023782,43495.0914619452,109179.231769838
2018-02-18,76124.9439861163,49249907.350486,1447965.54531283,379606.435291827,147786.712926906,29077.6847912907,102595.991518074
2018-02-19,83920.0792592622,71192505.8607058,2923522.29995372,605220.601128412,213957.065018829,58912.5953672253,151957.103266271
2018-02-20,108346.628356243,50598014.3365483,2074408.89230776,337828.304934854,151635.701378384,41413.7177640018,85422.2351539268
2018-02-21,38497.3229927727,25935557.8713129,815916.207556744,243165.722777521,77814.930830073,16316.5347242019,61229.8525400057
2018-02-22,63353.6713674719,41469188.8800106,1910723.42582104,427829.479554169,124428.562359447,38223.625716531,110092.475482615
2018-02-23,19798.1410835598,11492204.0113999,461471.141851895,87512.1809600863,34388.2775687198,9205.81443667684,24118.6770438457
2018-02-24,29456.5565806931,44520133.9401973,1865100.3189916,350626.566008835,133699.157027874,37427.9813260459,89880.5419030443
2018-02-25,37948.9957925275,58698176.4737756,2393861.28207112,418510.096509611,175740.981146629,48030.0873870913,104343.940413522
2018-02-26,307830.687386242,86746856.3302239,2715360.02481698,641171.265628174,259810.26322179,54689.0754741307,174909.393723724
2018-02-27,55821.7453520087,41195817.811694,1847968.23399298,318530.76733746,123382.337496694,36612.1445538247,84260.1001632983
2018-02-28,93303.4857600464,69723065.1685568,2870219.0360901,624418.486097784,209972.024519004,57759.5096095735,163288.109861015
2018-03-01,41671.3269992289,44769295.3006754,2120624.15772383,441020.625183108,134394.685622734,42241.1360632284,116121.521844891
2018-03-02,41750.8249216772,59657451.1375189,1842078.45329596,557900.572342724,178122.57461073,36773.0354362541,147015.157543728
2018-03-03,57744.4589533805,35941977.3780247,1501601.88647828,267550.093061374,107905.846597986,30282.0955160997,66364.2339226388
2018-03-04,114677.164177247,67643154.5143352,1933494.32218564,573093.249991183,202359.248529792,38496.3246013636,140564.662068311
2018-03-05,126254.03367371,61092084.6041544,2171285.21811636,579424.11466393,183640.384384301,43194.7826859055,159162.605130552
2018-03-06,125149.119706237,49531876.4989247,2329924.8800065,511215.5379167,149023.480675891,47121.6441401247,133898.54164205
2018-03-07,102086.106670958,63144375.5255067,2209867.87262138,480939.812608385,189138.71915852,44344.4842213067,124044.124871303
2018-03-08,37622.168572506,65461229.478025,2241327.24941691,526573.625013935,196158.832134409,45183.792388449,132787.787288073
2018-03-09,78194.6583389361,35418472.8044376,1247135.1494436,272952.843977918,106429.040893901,25256.0666971296,68229.347531906
2018-03-10,202791.113689831,72096497.8880045,3081335.63373126,595718.89113646,215854.710568641,61901.7852986063,152765.93987472
2018-03-11,39824.6751009501,63832323.0255895,1786992.70903567,493983.731966357,191428.327738712,36455.4269232772,126519.605107258
2018-03-12,76608.2507921564,44362569.008473,1592075.86651481,438835.69456409,133776.821647462,32339.4794007848,107873.056211445
2018-03-13,59593.0126784042,48427144.8681224,1894639.26298379,477292.117038833,145024.755925085,38199.3785049494,123947.258394013
2018-03-14,97389.2696467277,47254331.7335823,1891924.89063415,317924.012314549,142404.715739359,37698.4405765043,82925.9549970793
2018-03-15,30080.5188798817,36952913.0081044,1042467.72130181,291246.549445167,111262.168375083,20948.0231525412,73377.2360140597
2018-03-16,86235.0618257078,42969400.1014556,1500170.27738557,373601.38798276,128787.519377361,30408.2681847994,98709.419581314
2018-03-17,19097.1103862453,32051555.4875046,1386135.62701089,332605.37715936,96564.1244070999,27931.0855874548,86650.6632514809
2018-03-18,120893.412913783,69822567.3130752,2085421.0782455,556176.874507702,209146.416791239,42424.0981325261,135640.904676004
2018-03-19,66925.2950000193,61458071.2590191,2135165.41211814,486390.28163677,184762.678882505,43025.9808040205,127132.508158992
2018-03-20,91529.4865272447,50688181.0252476,2075110.00259892,567810.034744413,152201.964933445,41538.2137431553,142483.275776035
2018-03-21,97811.9154307875,69678459.6075663,2505552.03505399,688280.619519256,210214.484685211,50366.3442617485,184527.856719815
2018-03-22,277983.082699937,75409252.5593613,3300546.3023533,735007.483048255,226829.946091615,66530.4301272642,182617.923194755
2018-03-23,23231.4263579572,50140746.2523278,1702768.64112341,411991.304236378,150856.938598071,34271.1282146639,112330.547634841
2018-03-24,59401.7175271862,61591982.7443418,2140654.89229061,600220.094702961,185661.402640164,42876.6262398754,152623.929154066
2018-03-25,96321.9998259985,34051111.9651882,1414639.14920633,259789.878743856,102895.560859254,28324.7370592137,69321.6799981352
2018-03-26,40618.0543043129,68264421.2041502,2678385.14995011,536733.961266504,203646.474283198,53782.1495882807,134785.324604343
2018-03-27,182556.142474276,66492635.8720453,2336515.4415866,523202.228306642,199571.882358675,46467.7050065526,136720.748694322
2018-03-28,149059.529689491,69477644.7421897,2018712.3080776,577845.542717769,208078.211798433,40379.6885071943,151850.633339587
2018-03-29,26432.5004480472,36769053.9405341,1299957.63689206,327795.008635169,110711.866541058,25966.6456356563,88107.9588532178
2018-03-30,13138.6143547715,3268690.37358758,111761.933982707,29711.9672751257,9767.48754537076,2223.56171696997,7501.08963315825
2018-03-31,89040.704459261,50055970.9067905,1811630.23841016,539513.597568368,150533.558431796,36624.0236585163,133352.31909167
2018-04-01,127870.866808694,87906532.4028245,3095331.9281369,633140.253884614,264876.568085752,61818.3773719065,159182.955846612
2018-04-02,80574.4355191981,58887872.0140456,2311399.22132373,605099.790354051,176286.258567857,45821.6897918468,158329.58539039
2018-04-03,117964.493401395,72600276.6454718,2954642.55015883,504277.748486969,217868.88776817,59508.2071221795,136876.989261323
2018-04-04,82749.6361003401,56339321.0636419,2128424.56727083,575509.721822034,169076.243986347,42056.171286322,143187.287828674
2018-04-05,181669.468400997,72023578.0709497,2289493.44208519,511978.719970425,216341.838615218,46066.7295259632,134047.562837501
2018-04-06,138754.413809571,55276677.4684383,2543148.07541657,526908.990611859,166630.892837944,51372.8055627859,140092.245203087
2018-04-07,71864.5433883452,68567725.7474895,3057996.03755241,655068.467011283,205573.515522514,60776.0508077677,180891.487145731
2018-04-08,120791.446192773,45977559.3355728,1626799.65432223,325325.433839009,137892.443583462,32350.3504323785,81212.0494215236
2018-04-09,65874.6617440012,69333055.7886408,2101418.74426345,666955.184969443,207890.190053892,42389.0467009256,170067.152319221
2018-04-10,64389.6313776609,67875415.4110503,2238006.64399249,535652.414533776,203187.718495295,44897.1111065162,141834.810165602
2018-04-11,46948.6214537255,26016855.3386367,963290.271432763,220761.353444274,78106.269690661,19242.4799376767,55766.3326496424
2018-04-12,58801.9603413194,58725517.3653078,2313805.97123412,475380.688640498,176210.936195692,47077.0927128028,122719.163733561
2018-04-13,67739.8701576254,53356588.6292567,1546897.09261761,424760.033565249,160607.459123512,31076.8879935977,115470.005061899
2018-04-14,164791.801522946,92510723.0287592,2882025.62124692,833735.320761321,278375.058206402,58037.4496334313,230216.838428479
2018-04-15,172454.931513476,72247584.1493675,2143142.57489476,589592.864728064,216938.004161016,42384.6410391125,151812.741721388
2018-04-16,74349.9475807592,40010727.4325322,1502706.58665401,453416.510651234,119763.172605107,29954.6253338033,115126.962348196
2018-04-17,258157.100137758,72404425.6064494,3436822.89846972,703106.726969601,216971.043212496,68183.5813353416,181508.839030247
2018-04-18,62366.1134234134,68628080.5718434,2244532.46099568,743094.724139535,206397.380664238,45372.8831880873,187850.613736758
2018-04-19,26292.1725186378,62244374.3116648,2204334.63554859,566205.46054341,186464.991693477,44111.9358252918,144698.127543451
2018-04-20,37829.6107552995,31356287.6674372,991590.873867462,294395.605472389,94045.7664589864,19848.7271053476,84197.3916081764
2018-04-21,197972.65317408,69098623.640478,1995630.08083409,539632.897729207,206464.245210588,39732.1095732615,145959.758671051
2018-04-22,45430.2286005126,48476021.418474,2260409.03808459,461431.795769137,145991.634387853,45551.2530995719,114306.78685055
2018-04-23,93846.5328698663,73863917.5132738,2514757.55664263,512718.039675701,220499.889101242,50482.4727234471,134431.599991517
2018-04-24,192435.817247214,67013182.8607108,2262405.94079053,535390.553313588,201874.255945133,45502.1992192326,139011.866263684
2018-04-25,23659.8748319464,31045961.3173111,1171336.63082,227691.346847463,93145.3853302451,23627.4327797932,57472.7243184695
2018-04-26,72862.9984293062,33739386.4559489,1551776.45885932,350745.360379389,101392.566392875,31568.9787330871,90441.4658495774
2018-04-27,81899.7788152526,50784635.390645,1947047.07855142,400242.789423198,152213.779320545,38752.044949994,105734.425931238
2018-04-28,109334.322745772,82480046.8475692,2678386.04462625,661992.808188262,248386.336688412,53724.2090217546,171594.448390671
2018-04-29,121086.521287158,51810784.3523315,1613364.47080929,500055.730980779,155152.076995326,32501.8423416649,129348.712358466
2018-04-30,35735.0017949753,61133114.1704522,1735435.4993512,446946.361627292,182584.989292363,34521.4015668282,116076.245704334
2018-05-01,30123.8792264761,47235865.5183947,1367988.97299534,398803.601371565,141562.890731738,27677.7439684425,99196.9066339556
2018-05-02,104574.884714453,47189589.2461661,2212449.88937334,480381.252480552,141566.836227896,44055.4194494771,123805.370186739
2018-05-03,82097.3108906467,88636038.8717046,2961597.79908443,719496.856605956,265390.606573658,58749.095007418,183670.782001457
2018-05-04,59100.6592396758,48911074.2618644,1615068.70322873,498884.183982996,146640.988314242,32736.7900215269,123423.086484919
2018-05-05,146888.073870118,63028489.1961802,1939480.37469456,466620.2097121,188563.03817188,38405.6651677414,123659.927051639
2018-05-06,85917.300567589,44340482.0677681,1957703.54601395,431004.652909429,133685.912629792,39078.7831815438,115683.418031203
2018-05-07,116081.574807057,67552745.1549911,2102366.96793042,675814.594327735,202862.84341967,41958.65706062,170036.136962471
2018-05-08,33077.850883002,56536616.0182764,2102346.72778923,429479.686724765,170302.390043682,42359.4147461599,111870.231751834
2018-05-09,42730.3096701858,55649559.7678628,1822893.13751179,628618.403355108,167528.024088926,37089.2108257807,159216.592439009
2018-05-10,73966.2822088484,70326215.7265138,2043419.89169614,526209.006265727,210990.403771838,40708.1868620458,147466.753773892
2018-05-11,57786.5349862111,46815365.8181861,1928637.68072501,376265.458830295,141056.924733151,38874.0821189907,98113.4811851363
2018-05-12,127871.774476688,64494629.7208613,2606883.43289878,573909.856452717,194903.716767603,51956.0166497804,153290.893732939
2018-05-13,77446.6953064912,52562724.4300502,1895505.04521952,383180.229307927,157359.214939016,38313.1355927536,95013.4436976173
2018-05-14,112468.555738273,36247271.5506771,1306487.77122201,344769.014245242,108271.389204307,26333.8782042489,84400.0593086837
2018-05-15,20015.6796151174,63741199.6316209,2880381.82150033,525702.849392424,191536.363421625,58005.3209074897,137729.522792233
2018-05-16,163974.63513186,90603243.1831928,2679801.67668814,780605.08404508,271847.773942806,54537.9451033406,197980.411547767
2018-05-17,77300.3200792955,63402907.8973938,2089335.41072083,457924.10287742,189537.352378688,41479.6576379493,116639.998884029
2018-05-18,89389.7912386574,35767230.6052873,1280814.19741568,277017.173562739,107801.490025805,25525.8934439219,75319.7526132008
2018-05-19,73844.8260248999,58213942.5088263,2718890.34198946,566803.972783534,174583.048730011,54969.0318501552,143501.367920183
2018-05-20,109581.51681517,59490417.4629922,2349586.95511255,419560.861344083,178634.712403242,47148.920417801,114422.3379013
2018-05-21,43933.9220814085,55517991.8604595,1859613.75642441,408801.575214981,166743.093571307,37641.5036226434,107749.44973372
2018-05-22,116080.398405074,49092402.4790554,1957218.75320651,533351.409463661,146374.484277126,39387.3625860466,138136.111433402
2018-05-23,184058.96636418,86793220.2330239,2547048.23092186,709711.981457235,260369.505371961,51284.4722817455,188035.731459698
2018-05-24,99937.2166117251,47396437.1509781,1830802.04996964,336077.154759645,142103.028890913,36825.4306036047,86456.1874646825
2018-05-25,32091.2895555755,32860517.3119304,1325028.08432769,289327.191447496,99166.9514189002,26716.6397984122,77224.5098551752
2018-05-26,75617.4731498748,43953078.6450896,1493981.21867493,420607.950343008,131343.972553369,29990.041590578,103109.707331995
2018-05-27,75513.390036786,58728541.7622589,2518875.02675225,479694.722745344,177060.800206912,50489.2631099746,123730.248544401
2018-05-28,108881.862233175,55856251.0919793,2061263.32931358,612105.248189357,168382.097855702,41250.7117117832,154023.378861493
2018-05-29,50462.5869170193,95317055.3005942,4289443.89352695,792645.938796576,284386.267518825,85464.7613615435,211804.637539826
2018-05-30,109370.561773168,60156134.1217877,2573148.81108107,536334.268643564,180392.821876001,51331.1255817261,137709.372096569
2018-05-31,38271.5778868508,24457856.2561267,814434.197959221,256439.866816096,73364.7269239107,16260.0278358988,60451.0268091986
2018-06-01,116722.384844344,31864187.9946145,1284430.51468577,318936.267586221,96390.790012037,25786.9151277038,83253.4037786729
2018-06-02,26053.0809126369,31867645.5076578,1484874.54422353,294101.649220321,95660.4151731236,29597.6473838047,73861.461582687
2018-06-03,85524.6003032854,39846386.5366541,1439959.29856272,323682.592723639,119445.599650327,29026.1964997274,80729.1038800705
2018-06-04,91748.2317724731,66841202.881985,2530606.4723276,642031.004510497,199825.484467049,50832.8160397079,157655.496249127
2018-06-05,20897.2646269348,52097971.7575167,2031495.62183339,357277.321702837,156912.661984419,40835.4803729811,98402.7189725899
2018-06-06,113157.971358805,60559967.670751,2084656.97194616,623746.398595456,182537.160998637,41823.6229587375,156005.224888303
2018-06-07,34128.3056324667,52551331.2648879,2245159.87455817,421897.430106911,157421.03875634,45171.2699359971,108928.747169166
2018-06-08,80582.9222184689,39014582.6162833,1324522.92815091,483726.019518972,116906.628610241,26596.5873487686,115880.817432902
2018-06-09,191108.54752646,70575616.3724509,2715510.55868375,533287.9783611,211806.593291102,54485.8115825934,133310.112080119
2018-06-10,105988.419452421,77783711.7583295,2503703.45464723,587976.61624742,233639.849137387,50627.208334175,165004.131967104
2018-06-11,79456.6810904603,46740289.6201409,1783812.95408559,456416.52702025,140558.391255045,36169.6836052393,117280.94324196
2018-06-12,92648.2702906125,45745693.0235892,1387055.04017776,407025.175286085,136548.432498596,28033.8423259691,106359.358728248
2018-06-13,70019.0387821453,26834261.4199238,1137384.35616204,253833.078115624,80222.5285548669,22635.0443917212,65916.5237369244
2018-06-14,157008.646115238,69377297.1431159,2060847.8808135,557439.467483387,208299.035757267,41759.6188437277,150975.740183369
2018-06-15,173409.46891968,63352930.2486,1995786.95625839,527821.447281866,189987.98065717,40096.7422815516,135148.134042201
2018-06-16,116955.062955352,40421828.4946114,1660510.38637161,419094.654553993,121773.573756674,32851.1939024996,112324.64499527
2018-06-17,38310.0257158728,86684179.3508386,3187971.34550604,708509.51995748,258407.407889633,63703.4338078194,186052.448609047
2018-06-18,161410.22405452,73436635.6741283,3134476.6290681,630838.832187451,219916.815028128,62541.3400936559,153916.234053623
2018-06-19,73194.2088385784,30531158.5996618,993499.132716968,265235.581348507,91174.9119839064,19991.1325408284,70581.3779372734
2018-06-20,62653.8304259475,36114980.3576314,1631247.64535352,298107.546412245,108558.944682164,32736.5497257327,79595.8618806233
2018-06-21,97629.5915414026,66996268.2719583,2094698.61196161,602259.055943309,200296.151354138,42105.0859610657,160681.643060812
2018-06-22,84209.0982251817,81462530.7278925,3322186.0016289,649083.601886072,244231.907313977,68141.5432358991,174175.607828772
2018-06-23,43322.619460685,33634441.0181515,1236581.85596969,278582.515230284,100655.724808302,24848.5702688789,70188.1178618284
2018-06-24,95196.0565704308,57005489.7304391,2435013.12198242,521429.347754871,171101.56520109,47941.5265187749,134119.427264123
2018-06-25,80953.4572238736,82538016.7836037,2610143.59803049,808203.60399739,247468.158847191,53200.7297156071,218962.573938986
2018-06-26,110162.358620431,61125822.8062294,1895376.01832857,465620.753218803,184120.084798261,37957.4445833008,118121.333929874
2018-06-27,63479.0323948159,54809584.7119999,2675348.9057563,588070.621433716,164260.804262174,53755.5995447217,142261.863584994
2018-06-28,106651.061452019,70793317.8509796,2635117.68007221,482468.21944064,211941.885485509,53248.4099177456,122934.678088294
2018-06-29,71185.9982803911,42828931.5322032,1774238.77874954,443796.77644746,127946.618254547,35074.160070421,118870.550269258
2018-06-30,19736.6671475908,32668134.4407117,1187549.54931892,306499.820673305,97865.7964855465,24066.9805919192,80139.804976053
2018-07-01,39932.8510925672,78474531.0813117,2953798.23246019,569165.569967399,235452.562831883,59251.2017234402,149050.41229381
2018-07-02,162265.897095186,65353899.0727314,2824088.41540516,460380.465755888,197915.590279999,56192.304381174,121557.592168747
2018-07-03,76429.3653373017,59081173.767917,2217775.62440684,539646.909335813,177754.79937952,44154.7316205562,139642.029948767
2018-07-04,81895.9146586226,42048157.197046,1591256.76252781,327165.340162637,126163.827265877,31733.768579116,88617.5058433881
2018-07-05,50416.1776876772,51923946.6280962,2349423.66935015,441775.859905729,156306.16511159,47496.0339801407,114912.803453953
2018-07-06,145382.691684337,73314518.9620342,3136518.34833828,711225.44703742,220291.812973687,63386.0078897716,184360.242531464
2018-07-07,64587.6573345022,59681228.1355734,1822286.53227171,438950.783876762,180109.2952734,36102.7774794416,118010.044236093
2018-07-08,185388.114677545,69686550.9955211,2295900.63978005,522426.30085005,207950.027876222,46130.3655419488,137166.501109511
2018-07-09,60065.2054228671,35683780.4069108,1081273.88697926,312604.601615764,107915.146025534,21714.9540946478,87252.7513599862
2018-07-10,107756.997385038,68860929.8481193,2396776.46668227,726744.256216133,206095.515111941,47375.839567902,187497.644275877
2018-07-11,36957.0485784012,34584911.371506,1320410.2874279,301806.080048518,103894.495211257,27056.807286974,75853.6700441631
2018-07-12,24683.2343077333,39041031.0944934,1170589.29918069,327442.602915906,116704.670732919,23273.6023391997,86846.7973407286
2018-07-13,76872.6238921197,28131319.5867576,1174622.94126032,238418.738472189,84386.7290817271,23550.2869100043,58706.6532430933
2018-07-14,32243.911706505,27022379.3823012,983630.418642946,224113.706376702,80814.8529568388,19710.9684060701,58105.4199858634
2018-07-15,113583.699160151,75109648.2980233,2870943.02445684,541518.512550537,224652.369249377,56570.7004118288,146188.467843449
2018-07-16,78077.490928845,38239545.5077335,1403564.32418494,338432.821078343,114608.112174647,28619.5868234313,85697.1561902516
2018-07-17,60376.6451080338,73130035.5721071,2449117.45778425,590428.995702906,219224.126780204,48956.7473841214,150164.774167152
2018-07-18,114584.929941018,60487853.7132583,2473952.19887816,609241.052846816,181616.331045261,49750.8968283277,162228.41221741
2018-07-19,55057.9595234801,37453315.0711875,1535850.33035008,264323.773608974,112781.933386662,30859.4240558638,71446.6787466674
2018-07-20,100189.243815736,68174953.126094,3139374.97524352,631651.432149132,203564.328392891,62554.7810561969,152328.593280235
2018-07-21,67046.450269887,49355223.9365896,1759546.24245669,371465.121732117,148640.392057407,35367.3809248079,93511.7976085335
2018-07-22,71280.2230694491,39902465.8292058,1337492.66161997,334243.322334511,120197.512913779,26665.9493282369,85478.7025428989
2018-07-23,125882.044914887,68588141.8332587,2188328.74588928,573810.631536989,205574.547199898,43583.1156356788,143668.914147333
2018-07-24,79336.2294733773,71480584.2275974,2969907.89728427,693478.013564571,214711.591461065,59571.7175092371,179781.691208613
2018-07-25,197845.146730023,66830698.326681,2153951.60344516,712162.205064054,200135.715692143,43304.0364174235,189383.065799551
2018-07-26,75231.2843020422,54411830.0092606,2269363.5344874,460868.475244452,162726.832641398,45957.2649152638,114258.133342704
2018-07-27,106603.738297305,57607650.8256625,2750478.91399415,604306.509893255,172882.376943032,55478.5627124575,149564.560950335
2018-07-28,191439.286793085,46927476.3760983,1669833.97351656,403710.265919061,141342.994277889,33719.512167215,102982.30823599
2018-07-29,69792.0850868003,65744242.9895971,2012269.73167441,596999.095714982,198205.686921935,40565.4767582569,144304.541927059
2018-07-30,54128.9270428159,43622055.9261683,1619838.67987696,503895.902678316,131451.075810016,32703.6986855677,125057.729783251
2018-07-31,105895.575918304,72050005.0018911,3082456.9355821,497780.917769991,216063.134046062,62276.246739486,138815.711998796
2018-08-01,28936.6585045807,66473036.5033842,2689082.80105947,425731.312762865,201421.536324646,53878.1625213176,114403.568311139
2018-08-02,100390.998338945,44921890.0028495,1634397.89687567,367878.007431781,134858.119709785,32836.1239495769,96091.2452879673
2018-08-03,147349.570061628,63940871.7985384,2536633.53362704,446121.270194918,190930.004788074,51217.4060184353,114161.43044069
2018-08-04,86607.6971284167,69643992.4753376,2271077.51424228,665763.852531034,208540.547194401,45611.7275778443,172907.027697268
2018-08-05,146908.983047312,64141908.24846,2350909.69988884,485756.108259668,192370.457483427,46893.4594894331,128933.296007945
2018-08-06,47959.7771821886,52954001.1736843,1980455.01906789,617050.074433041,159254.141846129,39425.151664698,152279.016643409
2018-08-07,88447.7398462475,37157179.3253959,1500004.19476726,292515.539635349,112069.34227385,30104.7049433525,78512.7465211515
2018-08-08,124836.913518415,51530338.5038029,1709824.35202012,363056.987019727,154679.074401063,34664.0188629386,93531.9260736652
2018-08-09,81363.8668352274,53071052.9813232,1783892.24213668,596202.273618357,159492.996682404,35781.4172574306,150751.416804291
2018-08-10,28358.4344056306,13648161.0632364,419981.121185134,120446.433525078,40915.4879706683,8418.65833181421,31390.0473558357
2018-08-11,66953.439736058,43364528.3534218,1454983.002783,315218.093294453,130039.253559477,28874.2816470716,82630.2847311242
2018-08-12,27204.0748032533,45538847.514919,1817594.73698907,482760.699499032,136538.526427451,36156.3244980838,126537.819968861
2018-08-13,93154.6589370716,36408629.2488149,1356880.57710859,274029.226436306,109044.332312816,27154.5693784419,71258.9861915633
2018-08-14,87223.4563245204,59836480.3849312,2555778.96463343,451955.413931537,178916.346858952,50777.0615343286,114284.486810577
2018-08-15,48317.4339513012,24025407.6021396,950808.082262551,242094.988074022,72725.5482866275,19010.7446670316,67502.5961879105
2018-08-16,117360.78312326,55605265.6243634,2538882.73733549,547846.710402861,166791.240891027,51380.9059755179,138995.352583791
2018-08-17,90095.2384430717,52649807.6635441,1739990.51525085,384495.292977297,158130.926644555,34865.3495816624,109525.718574073
2018-08-18,130427.32470769,88342256.5389743,2989646.46724515,636326.120381329,264514.394293967,59474.7956436409,167969.657016721
2018-08-19,81290.0099166123,71626285.9452741,2966579.85870574,740040.589912721,216007.565021777,59894.1431788727,193150.122367285
2018-08-20,25931.8067060001,14418902.5695019,440093.303147964,100164.036977503,43138.5170518552,8801.45333423954,26797.069116025
2018-08-21,95184.2957069731,47164746.039781,2295477.76787751,467891.050981054,141958.052488607,46213.8764824851,123542.437944269
2018-08-22,182088.692171448,55709768.105056,1679382.71063352,385553.711359661,167572.629641263,33628.0036309932,108043.042524287
2018-08-23,81693.0798251399,51607664.720131,1572459.30182015,417714.84759722,154723.487720462,31145.677082765,109677.310680635
2018-08-24,132816.955455227,64914573.8743347,2787007.62320691,484901.178392829,195403.542726153,55862.3158032619,127572.138753966
2018-08-25,90095.88866475,42611327.3067171,1684631.87886936,356252.118017105,127853.618959015,34206.8107309311,98293.173105404
2018-08-26,125058.889087706,79253151.9472831,2988325.4388562,713831.441339343,238108.343530267,61194.3039483039,181516.061733645
2018-08-27,65928.4565964159,38863868.5224136,1284665.9147784,335173.634602498,116521.950066216,25523.4382478716,86747.6984710064
2018-08-28,110185.810368716,37577880.9562167,1474897.13753043,365314.034046851,112730.050215586,29559.6702057813,88311.1623029071
2018-08-29,35219.3494689021,41360833.3709929,1894714.68387887,369407.303693585,124137.52229558,38028.3872182133,100690.171748853
2018-08-30,24002.9536222093,37736886.9930043,1599053.75563424,291105.5109064,112820.505917167,32038.1540959311,74542.1419236044
2018-08-31,121944.249920421,76570587.8433425,2965555.99191758,545574.439186036,229727.999074914,59622.3818550335,137358.132066344
2018-09-01,85226.5142691954,51623864.0943014,2137509.65462718,331436.459062256,154571.082389628,42836.3386745927,90545.9770786755
2018-09-02,100699.290866051,46343604.1925671,2061912.83808608,495149.998568262,139352.531060969,41443.5946858338,124318.254729549
2018-09-03,158821.919883654,65001813.0558427,2687600.40628527,424205.894932408,195580.300565374,53904.4020969996,113355.521804661
2018-09-04,80605.1153346182,59877984.1092255,2624844.27915618,459342.27933131,179950.279433058,52563.7845453674,118172.052544398
2018-09-05,60276.1416965712,60761416.0953288,2175198.43984386,645452.245500839,182387.35189851,44227.0513503427,177622.936172852
2018-09-06,27819.1362523827,68620718.3788953,2612783.30898346,539132.170403377,206899.666761634,52524.3364632979,137190.015602075
2018-09-07,50236.7619328983,41928638.1889774,1818430.95720836,365414.033964825,126286.441586152,36353.0099464342,95374.7334380533
2018-09-08,80305.0002002983,64093583.7649162,2329115.41600064,450165.104971879,193211.095131286,46779.8488131975,116957.309389781
2018-09-09,177567.868593076,74097967.1600519,3479572.59158349,709599.084312134,221641.381738502,70602.5077574727,188786.097914219
2018-09-10,66794.1251583015,67123123.5611519,2879631.72132649,624730.665802727,200793.858838407,58232.7446259293,161480.846296545
2018-09-11,96451.0438079929,56235922.2074664,1955986.63925937,483242.809038268,167984.471266657,39175.7888366902,131000.262778097
2018-09-12,114427.58490507,64619891.506054,2252511.41421226,517932.76980004,193947.410275636,45895.4687172356,133547.233171702
2018-09-13,17049.2479397855,5054168.99328135,179425.659269964,44150.9538496475,15182.9133531781,3603.3680000326,11904.4584185594
2018-09-14,134739.386017844,50613173.82329,1847607.73788577,508862.31694884,151776.843827617,37042.8600771507,131781.333162587
2018-09-15,166260.696092472,70037886.8247864,2419225.58891369,501710.065405801,209827.898666786,47834.228961554,130678.887561708
2018-09-16,43243.5236551535,43326001.0632852,1573923.71157088,381088.837094156,129646.072147015,31262.9612336696,105797.474979756
2018-09-17,107035.468609583,37143706.5908954,1551939.23968089,386356.851863773,111842.103649092,31344.8806917007,103356.393236285
2018-09-18,38986.7383358395,28779294.4103537,1337030.18400749,292250.096232589,86428.2897530126,26599.4046627539,68517.76130504
2018-09-19,34143.8988426021,63556166.4493295,2874643.4560068,584735.811444982,190133.515052903,57912.9525914305,151435.683750303
2018-09-20,66532.6402652301,35526558.8531116,1221540.00653065,284568.177938506,107026.84912783,24260.9502253304,71552.6002019054
2018-09-21,248668.379548364,82353670.897772,3140537.98905442,532697.956867152,246181.034367196,62681.9698705714,139719.938603514
2018-09-22,92009.425814245,44457227.38603,1441936.6433028,436764.59443585,133890.943851775,29050.1692328861,109886.539493095
2018-09-23,124807.742467559,78947951.0579329,2745283.15519094,724537.540343046,236948.580197297,54983.9663452628,192160.543149514
2018-09-24,111086.772369831,76308755.8360226,2687209.32383053,560546.886939437,229228.936914815,53515.5538232202,148937.583358873
2018-09-25,28798.3390889311,55665984.6578722,2255779.04119735,609461.423850842,167510.184917636,44423.4801328968,159299.642089956
2018-09-26,101950.517907791,60890096.7900299,1869686.77511186,495678.330434968,183302.98794008,37416.8187666896,132533.089007172
2018-09-27,38249.8629777306,55959146.9594433,1583902.75707554,400933.733899692,167261.094705016,32015.7305170255,105253.392818042
2018-09-28,96311.4570065031,58538150.6597172,2174183.04701121,634098.743855386,176223.511576882,43412.4446041522,163635.575851724
2018-09-29,172059.399867057,56919121.9943685,2151268.35361904,481827.738635346,169937.665520889,42780.7338511974,122854.575722375
2018-09-30,129922.625289364,73417567.5423781,2576588.02693384,659347.280882303,219931.915981264,51964.9636993835,161677.412434572
2018-10-01,63016.2297517077,38171062.4618444,1372664.82433982,263393.080907803,114385.096354617,27626.7869748057,69063.9467358215
2018-10-02,66582.5590319208,88480902.9664159,2810111.29682545,912685.189257399,264624.127240419,55929.8512385238,233034.835402762
2018-10-03,126062.620875272,59045371.3843952,2032251.15659745,579155.121541729,176550.651360475,41621.92336259,140066.698992077
2018-10-04,54305.3848220207,41211166.0701002,1251696.22267389,348427.861316543,123115.087587412,24994.1813728471,86907.9495289633
2018-10-05,101234.467671514,53227483.2118288,2107555.55216474,390084.072774285,159345.298347127,42346.2839447748,103612.929529613
2018-10-06,87129.8191266952,34698371.8914799,1073937.79626895,332593.286714897,103543.710823105,21666.9833181747,87883.796647564
2018-10-07,98913.5723211841,80101031.667203,2455196.31294783,796065.337079683,239720.604894243,49068.0293074865,196054.403957191
2018-10-08,48435.5271157788,66402510.4741488,2912529.94402072,627920.526712929,198940.989844529,58621.4560873081,165986.701334489
2018-10-09,215451.020391548,71796461.3940385,2657299.16370202,525513.571062607,215613.290531471,54288.1138530137,136877.517695909
2018-10-10,177291.061232922,60293717.8160624,2016336.99689297,667614.084705689,180849.667056459,39481.2820260799,172597.819421952
2018-10-11,77733.7127642285,50352312.430898,2409100.28119395,484147.728123266,150459.343639811,48505.6357366388,128762.212517188
2018-10-12,167648.722553211,58478265.7495987,1837799.95547596,543628.08511389,175542.203103281,36064.1286481155,141344.313583844
2018-10-13,80746.1656566619,42388506.8595944,1334291.95628362,355090.374423015,127326.047505712,27123.8062856837,92109.1995694257
2018-10-14,155707.514649451,78229321.3912593,2908337.8061102,551729.072811247,234961.374110263,58285.7616702653,150223.643903171
2018-10-15,29525.3946878865,29225446.6088004,856791.250585298,222052.803290652,87748.2220114376,17119.4446145551,58930.3266855168
2018-10-16,20598.8315236912,65098853.4629515,2398640.75702761,545136.799924477,195997.467651242,47744.6140086265,137678.410504684
2018-10-17,44432.775738424,49396349.1514224,1773344.9261316,515682.529546386,148657.289225525,35660.6345568274,124582.026845009
2018-10-18,19692.9321798407,27770512.5954191,857422.912036191,212393.96167893,83306.3981525161,17305.1506357103,55981.1155752956
2018-10-19,63017.1441991409,50682930.0556124,2403768.92959192,511031.723291746,152339.961102397,47829.798768337,123105.816855377
2018-10-20,59545.9685854703,38495897.8935511,1689363.67031885,275609.017817586,115687.289561907,33875.0529788753,77169.507670331
2018-10-21,121723.757589901,59801293.243925,2029961.83632443,487810.028250536,180358.10200679,41182.1964465381,126254.504886568
2018-10-22,44097.5377439289,63209690.39553,2609729.34495451,430959.323453106,189830.82293717,52565.2399436154,117406.466207228
2018-10-23,45039.7176756413,35724802.8282986,1248203.83126413,305645.447004895,106919.796328614,25097.8624446126,81980.7909310082
2018-10-24,40061.7970677997,43677986.5350453,1647845.78884683,403507.932336518,130771.467627333,32602.98601062,101235.965481195
2018-10-25,75281.0972242909,53403836.2126052,1740576.92701689,411007.79615268,160566.558457328,35167.7069874116,104806.460114488
2018-10-26,153585.988655761,72690466.9727125,2981522.89211211,563939.583056793,218298.11456129,59893.7112077209,154029.91943469
2018-10-27,78836.9196658941,49784675.2657681,2249976.62715242,488530.96667518,149299.212896974,45168.8991098027,130383.581793448
2018-10-28,44728.7493263365,31499119.5844303,1080795.7790164,279756.918908498,93888.073286282,21590.8246762045,70209.673596027
2018-10-29,104492.077633324,43599682.7337729,1413272.41165706,321436.210358715,131373.520190811,28549.1693487339,82799.7918009581
2018-10-30,40582.273518923,54509732.1704127,2149667.0991718,436951.562763765,163085.936908533,42817.4534489313,115546.144735517
2018-10-31,108945.137946304,73427175.3671643,2344266.28378477,694450.849157888,219889.963964279,47088.8220220696,181996.760409865
2018-11-01,135850.673633865,76778046.3978756,2258314.08311084,626250.04367352,229077.164831788,45170.5285806885,164546.249570312
2018-11-02,85667.11613735,57892972.2601475,2118979.55997834,495991.711332914,172694.306469156,43374.2323984143,124509.677692556
2018-11-03,36577.3259691049,37220291.5709537,1387278.55224531,275991.068617153,111852.547810245,27996.4831144798,72988.64483314
2018-11-04,54291.3520173879,24935450.1612493,919333.72213482,171740.077351031,74869.1830992013,18593.9768931553,45889.1135293755
2018-11-05,24850.0275850188,42758063.9714669,1413252.94004411,285598.870992215,128123.502910525,28146.4676337502,77133.7819000625
2018-11-06,63857.0265274081,60531105.1610514,2014378.13272126,604402.649404933,181089.675915297,40919.6468188505,159910.431061103
2018-11-07,24532.8576477345,31067087.2257065,1244130.66950292,335929.945594786,92984.3991958274,25056.1233766653,80513.8332376459
2018-11-08,130281.370831666,57141859.4542968,2009829.69531799,405978.358044198,171469.859345592,40068.9106819652,110672.83397742
2018-11-09,83184.4645910442,47283159.4932664,1905444.39407749,385816.822478805,142195.44321686,38410.4194992481,99777.256689601
2018-11-10,82885.155530677,61308223.9985226,2192034.64526734,537814.975045389,183783.266743898,44243.1897624001,140556.878053697
2018-11-11,83496.4737698928,59638832.5816925,1954293.76669218,630132.594378407,178621.408164669,39058.0547637714,170938.700998025
2018-11-12,109833.436712953,71804306.5959771,2864762.93582789,603484.724374607,215361.556539804,57201.7855837948,164677.963849317
2018-11-13,77075.744289996,53493474.0684394,1684910.38301318,463916.30515782,159658.017848165,34036.134723412,114034.285969406
2018-11-14,77230.332100595,43807102.4559775,1972852.62464727,414051.99177142,131182.970047976,39296.7055952099,107228.025434702
2018-11-15,41807.6428795198,50978803.1124679,2059907.10494835,399079.564403803,153037.670507606,41209.1536156533,101534.276458663
2018-11-16,59440.2009955529,41482656.556957,1338802.61645179,307726.297889232,124574.310513653,26703.601181135,77113.8349598525
2018-11-17,79736.9324608007,58650090.0557886,2527284.1373937,530298.745361001,175186.808483764,50677.2413193603,137279.341228367
2018-11-18,129491.123324288,57981238.5452679,2241719.10936107,551434.42737192,173400.709987003,44926.3782531062,144721.680504683
2018-11-19,48870.9022501214,21686491.4844071,885639.479051765,185203.995781954,64868.4599124943,17602.3639217093,49950.7241830203
2018-11-20,101566.865071112,61280091.3848112,2239273.09976515,694055.38249774,184078.614315842,44899.3143272813,177186.760992175
2018-11-21,77391.1821050867,46852913.0230495,1444692.84724007,449721.61027379,140532.763141649,29027.5775666931,117192.71431946
2018-11-22,163191.503242416,96273659.7426429,3539098.22554548,748678.457765556,287675.397009894,71369.9577739768,185516.751758449
2018-11-23,228189.693652207,74188332.5451292,2635327.14088025,644909.724977547,221509.251850493,53611.9717635357,173514.334747529
2018-11-24,117520.340272178,73479791.8771593,2544300.92797138,563328.931544643,220869.832116382,51401.3900529427,164839.9659441
2018-11-25,96391.6685479869,55820091.0654708,2743850.47600353,600242.988305721,168003.294092136,55223.8162968938,148490.962969362
2018-11-26,119346.155100024,56724795.3977381,2113293.29438012,393842.293916454,170025.429195521,42532.9527402227,97937.1157734616
2018-11-27,29901.8938251419,47800842.1885892,1867133.32594559,403740.730455219,143744.749271232,37297.2508625719,104206.391669421
2018-11-28,66839.117073267,61793345.5041592,2188118.47055366,508566.237373819,185155.236435086,43681.4316601248,140312.893688602
2018-11-29,103383.275014753,44282230.7462588,2107564.38177888,426679.122449842,133327.045007841,41603.182993895,114235.882513206
2018-11-30,48465.3345416661,48230060.1847678,1519251.89202227,349048.386946792,145652.245247723,30340.9466312124,94776.6307691772
2018-12-01,86920.7557152483,43794777.3186566,1874586.04723908,346071.188335107,130816.884532211,37176.8673294978,89123.9281455953
2018-12-02,81981.7121567846,59101266.2003573,2612644.07985349,491613.639439783,176535.927697254,53050.2656289303,131221.217610824
2018-12-03,206355.118032191,78393425.4478783,2572785.45369976,647884.106591387,235071.982987436,50846.9065415599,167832.990539489
2018-12-04,101572.799884236,75564172.2531547,2680755.33337919,794914.949082638,226316.049521217,53114.4454714296,215162.463779227
2018-12-05,125073.004874652,64295870.2671628,2603866.71027188,697774.916355385,192346.049324633,51854.3340610946,182562.222752442
2018-12-06,78679.2002136902,62696880.0259493,2942251.19988414,604952.916158388,188156.183385349,58340.8823595792,161240.126466643
2018-12-07,116304.125288731,66379653.7872142,2617141.82767715,546961.456878606,200489.670777205,52724.7686650345,145252.035729061
2018-12-08,97262.3754937797,98377048.1906583,3685196.55146532,921209.643494838,295689.828556744,73085.8755537209,233926.711532787
2018-12-09,25741.8726269145,37070283.3616955,1392342.86728699,404246.652947722,111570.973818307,27840.8181853138,104949.62530843
2018-12-10,88767.8374116652,76444859.5553202,2207886.57880661,639116.094988748,229584.104807648,44507.3706921715,159047.192034327
2018-12-11,115339.044889127,63882910.238068,2275338.33284898,495602.985813901,191088.96548972,44904.9235936794,128114.143811978
2018-12-12,137230.530120312,75949673.1507873,2957093.41239778,680933.453595106,228234.582350535,59562.5020350128,177581.281949539
2018-12-13,78589.9945107519,74673016.6179533,2920232.5385685,682676.922875604,223905.793678491,59335.8208387348,185182.810828053
2018-12-14,52314.4827117916,61172413.278539,2102524.76486291,694717.261561306,183767.673832872,42279.1813543941,170913.428524895
2018-12-15,198095.853169301,73871532.9156745,2974718.45240288,750271.654499023,223035.972385909,59639.2407062686,200488.085330661
2018-12-16,222283.275762159,80146975.0499724,2539828.47376887,670219.235693362,240572.036086347,51236.6651774765,164942.995537678
2018-12-17,162569.328224962,74194874.8736872,2892096.6980499,697937.415036029,221489.620192948,58043.9760114118,183917.712985812
2018-12-18,81116.452776925,56577059.1771113,2397085.5064493,555084.409084748,170297.602832733,48223.0171121355,154743.59471222
2018-12-19,105870.913397788,60303087.0443064,1841001.79126628,555542.625602796,181253.352984452,36396.0754885333,144520.255724997
2018-12-20,57394.5095370177,73044409.0728404,3045556.08480728,557215.666710391,218279.979681875,60612.4404826363,145748.557576675
2018-12-21,75929.6838943232,53733203.6270207,1949563.10730868,412354.647020905,161022.333710232,39271.3367237078,101331.834874529
2018-12-22,48530.7483942795,52067967.3722067,1696795.46366295,400470.461370019,156479.577220588,34293.765831481,101359.836178896
2018-12-23,46833.8253319529,24779711.1310284,824574.652713226,208156.77331439,74119.5879127214,16623.24612706,53070.8605225555
2018-12-24,152430.677247237,80515884.1736583,2609706.96994189,902073.138981793,240897.530610018,52568.5177010686,213156.38306587
2018-12-25,51511.1708120637,12143030.7669238,448371.909187402,91089.8259052912,36448.8752170432,8964.42821625776,24380.3421131157
2018-12-26,115335.818733957,51764964.3476945,1578397.95412597,382106.28403826,155029.532972446,31690.0692207182,100062.065343971
2018-12-27,34449.928198746,47650381.1598972,1988972.93179905,428116.830662372,143257.296025904,39752.31094691,107906.371917555
2018-12-28,149327.317103396,112995974.676895,4041354.95907946,776466.641684109,339457.740885109,80850.057021858,202856.268543462
2018-12-29,223791.969431159,95040985.170826,3517212.83507967,733258.516383068,284841.186968137,71234.8082872258,185644.37738466
2018-12-30,156171.350990778,80343640.1169038,2528946.64030724,611909.433379077,240854.74111139,50818.8461886892,173364.113332795
2018-12-31,143334.108311094,56577355.7196862,2572385.85597361,559642.147568347,169112.261276301,51976.9045193285,154542.973815325
